case,setting,options,converged,lu,time
case18482,S1 paper,paper,True,6,0.4617
case18482,S1 paper,adaptive,True,6,0.4309
case18482,S1 paper,PC,True,6,0.4315
case18482,S1 paper,PC + adaptive,True,6,0.4323
case18482,S1 paper,OM,True,5,0.3586
case18482,S1 paper,OM + adaptive,True,5,0.3525
case18482,S1 paper,OM + PC,True,6,0.4546
case18482,S1 paper,OM + PC + adaptive,True,6,0.4347
case18482,S1 paper,BE-chord,True,6,0.4430
case18482,S1 paper,RK4,False,15,1.1913
case18482,S1 paper,scaled homotopy,True,6,0.4227
case18482,S1 paper,newton homotopy,False,12,0.8176
case18482,S2 Sec 4.4,paper,True,6,0.4215
case18482,S2 Sec 4.4,adaptive,True,6,0.4332
case18482,S2 Sec 4.4,PC,True,6,0.4199
case18482,S2 Sec 4.4,PC + adaptive,True,6,0.4341
case18482,S2 Sec 4.4,OM,True,6,0.4302
case18482,S2 Sec 4.4,OM + adaptive,True,6,0.4238
case18482,S2 Sec 4.4,OM + PC,True,6,0.4389
case18482,S2 Sec 4.4,OM + PC + adaptive,True,6,0.4339
case18482,S2 Sec 4.4,BE-chord,True,7,0.5170
case18482,S2 Sec 4.4,RK4,False,15,1.1720
case18482,S2 Sec 4.4,scaled homotopy,True,6,0.4502
case18482,S2 Sec 4.4,newton homotopy,True,9,0.6098
case18482,S3 Sec 4.4,paper,True,6,0.4286
case18482,S3 Sec 4.4,adaptive,True,6,0.4127
case18482,S3 Sec 4.4,PC,True,6,0.4188
case18482,S3 Sec 4.4,PC + adaptive,True,6,0.4286
case18482,S3 Sec 4.4,OM,True,6,0.4097
case18482,S3 Sec 4.4,OM + adaptive,True,6,0.4236
case18482,S3 Sec 4.4,OM + PC,True,6,0.4371
case18482,S3 Sec 4.4,OM + PC + adaptive,True,6,0.4351
case18482,S3 Sec 4.4,BE-chord,True,7,0.5082
case18482,S3 Sec 4.4,RK4,False,15,1.0410
case18482,S3 Sec 4.4,scaled homotopy,True,6,0.4598
case18482,S3 Sec 4.4,newton homotopy,True,9,0.6460
case18482,S4 weak K,paper,True,7,0.4909
case18482,S4 weak K,adaptive,True,7,0.4981
case18482,S4 weak K,PC,True,7,0.5022
case18482,S4 weak K,PC + adaptive,True,7,0.4893
case18482,S4 weak K,OM,True,7,0.4983
case18482,S4 weak K,OM + adaptive,True,7,0.5008
case18482,S4 weak K,OM + PC,True,7,0.4948
case18482,S4 weak K,OM + PC + adaptive,True,7,0.4980
case18482,S4 weak K,BE-chord,False,12,0.9007
case18482,S4 weak K,RK4,False,15,1.1851
case18482,S4 weak K,scaled homotopy,True,7,0.5037
case18482,S4 weak K,newton homotopy,False,12,0.8150
case18482,S5 strong K,paper,True,5,0.3522
case18482,S5 strong K,adaptive,True,5,0.3497
case18482,S5 strong K,PC,True,6,0.4294
case18482,S5 strong K,PC + adaptive,True,6,0.4407
case18482,S5 strong K,OM,True,5,0.3700
case18482,S5 strong K,OM + adaptive,True,5,0.3770
case18482,S5 strong K,OM + PC,True,6,0.4348
case18482,S5 strong K,OM + PC + adaptive,True,6,0.4299
case18482,S5 strong K,BE-chord,True,6,0.4375
case18482,S5 strong K,RK4,False,15,1.1754
case18482,S5 strong K,scaled homotopy,True,5,0.3801
case18482,S5 strong K,newton homotopy,False,12,0.8251
case27318,S1 paper,paper,True,6,0.5425
case27318,S1 paper,adaptive,True,6,0.5532
case27318,S1 paper,PC,True,6,0.5302
case27318,S1 paper,PC + adaptive,True,6,0.5269
case27318,S1 paper,OM,True,6,0.5282
case27318,S1 paper,OM + adaptive,True,6,0.5260
case27318,S1 paper,OM + PC,True,6,0.5336
case27318,S1 paper,OM + PC + adaptive,True,6,0.5287
case27318,S1 paper,BE-chord,True,7,0.6308
case27318,S1 paper,RK4,False,15,1.4565
case27318,S1 paper,scaled homotopy,True,6,0.5448
case27318,S1 paper,newton homotopy,True,8,0.6773
case27318,S2 Sec 4.4,paper,True,7,0.5914
case27318,S2 Sec 4.4,adaptive,True,7,0.6021
case27318,S2 Sec 4.4,PC,True,6,0.5330
case27318,S2 Sec 4.4,PC + adaptive,True,6,0.5249
case27318,S2 Sec 4.4,OM,True,6,0.5205
case27318,S2 Sec 4.4,OM + adaptive,True,6,0.5123
case27318,S2 Sec 4.4,OM + PC,True,6,0.5381
case27318,S2 Sec 4.4,OM + PC + adaptive,True,6,0.5251
case27318,S2 Sec 4.4,BE-chord,True,8,0.7025
case27318,S2 Sec 4.4,RK4,False,15,1.4060
case27318,S2 Sec 4.4,scaled homotopy,True,7,0.6342
case27318,S2 Sec 4.4,newton homotopy,True,7,0.5937
case27318,S3 Sec 4.4,paper,True,8,0.6754
case27318,S3 Sec 4.4,adaptive,True,8,0.6906
case27318,S3 Sec 4.4,PC,True,6,0.5189
case27318,S3 Sec 4.4,PC + adaptive,True,6,0.5154
case27318,S3 Sec 4.4,OM,True,7,0.6124
case27318,S3 Sec 4.4,OM + adaptive,True,7,0.6244
case27318,S3 Sec 4.4,OM + PC,True,6,0.5201
case27318,S3 Sec 4.4,OM + PC + adaptive,True,6,0.5227
case27318,S3 Sec 4.4,BE-chord,True,9,0.7693
case27318,S3 Sec 4.4,RK4,False,15,1.3422
case27318,S3 Sec 4.4,scaled homotopy,False,12,1.0781
case27318,S3 Sec 4.4,newton homotopy,False,12,1.0157
case27318,S4 weak K,paper,True,6,0.5240
case27318,S4 weak K,adaptive,True,6,0.5121
case27318,S4 weak K,PC,True,8,0.6918
case27318,S4 weak K,PC + adaptive,True,20,1.7644
case27318,S4 weak K,OM,True,6,0.5273
case27318,S4 weak K,OM + adaptive,True,6,0.5222
case27318,S4 weak K,OM + PC,True,8,0.6972
case27318,S4 weak K,OM + PC + adaptive,True,20,1.7447
case27318,S4 weak K,BE-chord,True,7,0.6081
case27318,S4 weak K,RK4,False,15,1.4153
case27318,S4 weak K,scaled homotopy,True,6,0.5556
case27318,S4 weak K,newton homotopy,True,8,0.6787
case27318,S5 strong K,paper,True,7,0.5928
case27318,S5 strong K,adaptive,True,7,0.5931
case27318,S5 strong K,PC,True,8,0.6678
case27318,S5 strong K,PC + adaptive,True,9,0.7828
case27318,S5 strong K,OM,True,7,0.6016
case27318,S5 strong K,OM + adaptive,True,7,0.6034
case27318,S5 strong K,OM + PC,True,8,0.7002
case27318,S5 strong K,OM + PC + adaptive,True,9,0.7888
case27318,S5 strong K,BE-chord,True,8,0.6880
case27318,S5 strong K,RK4,False,15,1.4265
case27318,S5 strong K,scaled homotopy,True,8,0.6990
case27318,S5 strong K,newton homotopy,True,8,0.6766
case36964,S1 paper,paper,True,6,0.8056
case36964,S1 paper,adaptive,True,6,0.7881
case36964,S1 paper,PC,True,6,0.8085
case36964,S1 paper,PC + adaptive,True,6,0.8001
case36964,S1 paper,OM,True,6,0.8162
case36964,S1 paper,OM + adaptive,True,6,0.8348
case36964,S1 paper,OM + PC,True,6,0.8252
case36964,S1 paper,OM + PC + adaptive,True,6,0.8066
case36964,S1 paper,BE-chord,False,12,1.7421
case36964,S1 paper,RK4,False,15,2.2900
case36964,S1 paper,scaled homotopy,True,6,0.8507
case36964,S1 paper,newton homotopy,False,12,1.6784
case36964,S2 Sec 4.4,paper,False,12,1.6101
case36964,S2 Sec 4.4,adaptive,False,12,1.6269
case36964,S2 Sec 4.4,PC,True,6,0.8099
case36964,S2 Sec 4.4,PC + adaptive,True,6,0.8115
case36964,S2 Sec 4.4,OM,True,8,1.0840
case36964,S2 Sec 4.4,OM + adaptive,True,8,1.0777
case36964,S2 Sec 4.4,OM + PC,True,6,0.8179
case36964,S2 Sec 4.4,OM + PC + adaptive,True,6,0.8252
case36964,S2 Sec 4.4,BE-chord,True,10,1.3453
case36964,S2 Sec 4.4,RK4,False,15,2.1735
case36964,S2 Sec 4.4,scaled homotopy,False,12,1.6476
case36964,S2 Sec 4.4,newton homotopy,False,12,1.5879
case36964,S3 Sec 4.4,paper,False,12,1.5657
case36964,S3 Sec 4.4,adaptive,False,12,1.5889
case36964,S3 Sec 4.4,PC,True,6,0.8238
case36964,S3 Sec 4.4,PC + adaptive,True,6,0.7903
case36964,S3 Sec 4.4,OM,True,9,1.2225
case36964,S3 Sec 4.4,OM + adaptive,True,9,1.1984
case36964,S3 Sec 4.4,OM + PC,True,6,0.8133
case36964,S3 Sec 4.4,OM + PC + adaptive,True,6,0.8036
case36964,S3 Sec 4.4,BE-chord,False,12,1.6157
case36964,S3 Sec 4.4,RK4,False,15,2.1709
case36964,S3 Sec 4.4,scaled homotopy,False,12,1.6375
case36964,S3 Sec 4.4,newton homotopy,False,12,1.6830
case36964,S4 weak K,paper,False,12,1.6039
case36964,S4 weak K,adaptive,True,18,2.4290
case36964,S4 weak K,PC,False,14,1.9767
case36964,S4 weak K,PC + adaptive,False,26,3.5258
case36964,S4 weak K,OM,False,12,1.5993
case36964,S4 weak K,OM + adaptive,True,17,2.3225
case36964,S4 weak K,OM + PC,False,14,1.8776
case36964,S4 weak K,OM + PC + adaptive,False,26,3.5487
case36964,S4 weak K,BE-chord,False,12,1.7769
case36964,S4 weak K,RK4,False,15,2.2629
case36964,S4 weak K,scaled homotopy,False,12,1.6936
case36964,S4 weak K,newton homotopy,False,12,1.6805
case36964,S5 strong K,paper,True,6,0.8028
case36964,S5 strong K,adaptive,True,6,0.8312
case36964,S5 strong K,PC,True,7,0.9454
case36964,S5 strong K,PC + adaptive,True,7,0.9505
case36964,S5 strong K,OM,True,6,0.8333
case36964,S5 strong K,OM + adaptive,True,6,0.8292
case36964,S5 strong K,OM + PC,True,7,0.9503
case36964,S5 strong K,OM + PC + adaptive,True,7,0.9395
case36964,S5 strong K,BE-chord,True,7,0.9706
case36964,S5 strong K,RK4,False,11,1.6449
case36964,S5 strong K,scaled homotopy,True,6,0.8651
case36964,S5 strong K,newton homotopy,False,12,1.6932
case54636,S1 paper,paper,True,6,1.0355
case54636,S1 paper,adaptive,True,6,1.0264
case54636,S1 paper,PC,True,6,1.0312
case54636,S1 paper,PC + adaptive,True,6,1.0564
case54636,S1 paper,OM,True,6,1.0569
case54636,S1 paper,OM + adaptive,True,6,1.0365
case54636,S1 paper,OM + PC,True,6,1.0599
case54636,S1 paper,OM + PC + adaptive,True,6,1.0507
case54636,S1 paper,BE-chord,True,7,1.2190
case54636,S1 paper,RK4,False,15,2.8868
case54636,S1 paper,scaled homotopy,True,6,1.0815
case54636,S1 paper,newton homotopy,True,8,1.3518
case54636,S2 Sec 4.4,paper,True,7,1.1954
case54636,S2 Sec 4.4,adaptive,True,7,1.1869
case54636,S2 Sec 4.4,PC,True,6,1.0206
case54636,S2 Sec 4.4,PC + adaptive,True,6,1.0200
case54636,S2 Sec 4.4,OM,True,6,1.0242
case54636,S2 Sec 4.4,OM + adaptive,True,6,1.0260
case54636,S2 Sec 4.4,OM + PC,True,6,1.0264
case54636,S2 Sec 4.4,OM + PC + adaptive,True,6,1.0448
case54636,S2 Sec 4.4,BE-chord,True,8,1.3968
case54636,S2 Sec 4.4,RK4,False,15,2.7961
case54636,S2 Sec 4.4,scaled homotopy,True,7,1.2256
case54636,S2 Sec 4.4,newton homotopy,True,7,1.1817
case54636,S3 Sec 4.4,paper,True,9,1.5413
case54636,S3 Sec 4.4,adaptive,True,9,1.5432
case54636,S3 Sec 4.4,PC,True,6,1.0338
case54636,S3 Sec 4.4,PC + adaptive,True,6,1.0469
case54636,S3 Sec 4.4,OM,True,7,1.2287
case54636,S3 Sec 4.4,OM + adaptive,True,7,1.2205
case54636,S3 Sec 4.4,OM + PC,True,6,1.0461
case54636,S3 Sec 4.4,OM + PC + adaptive,True,6,1.0313
case54636,S3 Sec 4.4,BE-chord,False,12,2.1336
case54636,S3 Sec 4.4,RK4,False,15,2.7081
case54636,S3 Sec 4.4,scaled homotopy,False,12,2.1399
case54636,S3 Sec 4.4,newton homotopy,False,12,2.0739
case54636,S4 weak K,paper,True,6,1.0369
case54636,S4 weak K,adaptive,True,6,1.0452
case54636,S4 weak K,PC,True,10,1.7388
case54636,S4 weak K,PC + adaptive,True,28,4.9195
case54636,S4 weak K,OM,True,6,1.0511
case54636,S4 weak K,OM + adaptive,True,6,1.0414
case54636,S4 weak K,OM + PC,True,10,1.7254
case54636,S4 weak K,OM + PC + adaptive,True,28,4.9354
case54636,S4 weak K,BE-chord,True,7,1.2497
case54636,S4 weak K,RK4,False,15,2.8433
case54636,S4 weak K,scaled homotopy,True,6,1.0712
case54636,S4 weak K,newton homotopy,True,8,1.3318
case54636,S5 strong K,paper,True,7,1.1954
case54636,S5 strong K,adaptive,True,7,1.1823
case54636,S5 strong K,PC,True,8,1.3555
case54636,S5 strong K,PC + adaptive,True,9,1.5292
case54636,S5 strong K,OM,True,7,1.2127
case54636,S5 strong K,OM + adaptive,True,7,1.2178
case54636,S5 strong K,OM + PC,True,8,1.3650
case54636,S5 strong K,OM + PC + adaptive,True,9,1.5590
case54636,S5 strong K,BE-chord,True,8,1.3957
case54636,S5 strong K,RK4,False,15,2.8429
case54636,S5 strong K,scaled homotopy,True,8,1.3858
case54636,S5 strong K,newton homotopy,True,8,1.3210
case109272,S1 paper,paper,True,6,2.1599
case109272,S1 paper,adaptive,True,6,2.1538
case109272,S1 paper,PC,True,6,2.1668
case109272,S1 paper,PC + adaptive,True,6,2.1700
case109272,S1 paper,OM,True,6,2.2071
case109272,S1 paper,OM + adaptive,True,6,2.2055
case109272,S1 paper,OM + PC,True,6,2.1928
case109272,S1 paper,OM + PC + adaptive,True,6,2.1905
case109272,S1 paper,BE-chord,True,12,4.3272
case109272,S1 paper,RK4,False,15,5.9771
case109272,S1 paper,scaled homotopy,True,6,2.2487
case109272,S1 paper,newton homotopy,True,8,2.8474
case109272,S2 Sec 4.4,paper,True,7,2.4739
case109272,S2 Sec 4.4,adaptive,True,7,2.5455
case109272,S2 Sec 4.4,PC,True,6,2.1585
case109272,S2 Sec 4.4,PC + adaptive,True,6,2.1698
case109272,S2 Sec 4.4,OM,True,6,2.1925
case109272,S2 Sec 4.4,OM + adaptive,True,6,2.1903
case109272,S2 Sec 4.4,OM + PC,True,6,2.1773
case109272,S2 Sec 4.4,OM + PC + adaptive,True,6,2.1723
case109272,S2 Sec 4.4,BE-chord,True,11,3.9642
case109272,S2 Sec 4.4,RK4,False,15,5.9798
case109272,S2 Sec 4.4,scaled homotopy,True,7,2.6248
case109272,S2 Sec 4.4,newton homotopy,True,8,2.7936
case109272,S3 Sec 4.4,paper,True,10,3.6998
case109272,S3 Sec 4.4,adaptive,True,10,3.6387
case109272,S3 Sec 4.4,PC,True,6,2.1670
case109272,S3 Sec 4.4,PC + adaptive,True,6,2.1664
case109272,S3 Sec 4.4,OM,True,7,2.5796
case109272,S3 Sec 4.4,OM + adaptive,True,7,2.6351
case109272,S3 Sec 4.4,OM + PC,True,6,2.2004
case109272,S3 Sec 4.4,OM + PC + adaptive,True,6,2.2292
case109272,S3 Sec 4.4,BE-chord,False,12,4.4675
case109272,S3 Sec 4.4,RK4,False,15,5.6487
case109272,S3 Sec 4.4,scaled homotopy,False,12,4.3837
case109272,S3 Sec 4.4,newton homotopy,False,12,4.2306
case109272,S4 weak K,paper,True,6,2.1237
case109272,S4 weak K,adaptive,True,6,2.1685
case109272,S4 weak K,PC,True,10,3.5875
case109272,S4 weak K,PC + adaptive,False,16,5.9467
case109272,S4 weak K,OM,True,6,9.1247
case109272,S4 weak K,OM + adaptive,True,6,9.4522
case109272,S4 weak K,OM + PC,True,9,15.2393
case109272,S4 weak K,OM + PC + adaptive,False,16,25.5830
case109272,S4 weak K,BE-chord,False,12,21.6186
case109272,S4 weak K,RK4,False,15,30.2663
case109272,S4 weak K,scaled homotopy,True,6,11.2181
case109272,S4 weak K,newton homotopy,True,8,14.1854
case109272,S5 strong K,paper,True,7,12.4450
case109272,S5 strong K,adaptive,True,7,12.2586
case109272,S5 strong K,PC,True,8,14.3036
case109272,S5 strong K,PC + adaptive,True,9,16.1818
case109272,S5 strong K,OM,True,7,12.7204
case109272,S5 strong K,OM + adaptive,True,7,12.6018
case109272,S5 strong K,OM + PC,True,8,14.4022
case109272,S5 strong K,OM + PC + adaptive,True,9,16.3090
case109272,S5 strong K,BE-chord,True,10,18.3510
case109272,S5 strong K,RK4,False,15,30.2059
case109272,S5 strong K,scaled homotopy,True,8,17.3607
case109272,S5 strong K,newton homotopy,True,8,13.7232
case69limit,S1 paper,paper,True,3,0.0339
case69limit,S1 paper,adaptive,True,3,0.0314
case69limit,S1 paper,PC,True,4,0.0439
case69limit,S1 paper,PC + adaptive,True,4,0.0437
case69limit,S1 paper,OM,True,3,0.0334
case69limit,S1 paper,OM + adaptive,True,3,0.0338
case69limit,S1 paper,OM + PC,True,4,0.0437
case69limit,S1 paper,OM + PC + adaptive,True,4,0.0452
case69limit,S1 paper,BE-chord,True,3,0.0331
case69limit,S1 paper,RK4,True,7,0.0772
case69limit,S1 paper,scaled homotopy,True,3,0.0422
case69limit,S1 paper,newton homotopy,True,3,0.0326
case69limit,S2 Sec 4.4,paper,True,3,0.0327
case69limit,S2 Sec 4.4,adaptive,True,3,0.0316
case69limit,S2 Sec 4.4,PC,True,4,0.0440
case69limit,S2 Sec 4.4,PC + adaptive,True,4,0.0485
case69limit,S2 Sec 4.4,OM,True,3,0.0352
case69limit,S2 Sec 4.4,OM + adaptive,True,3,0.0346
case69limit,S2 Sec 4.4,OM + PC,True,4,0.0488
case69limit,S2 Sec 4.4,OM + PC + adaptive,True,4,0.0461
case69limit,S2 Sec 4.4,BE-chord,True,3,0.0386
case69limit,S2 Sec 4.4,RK4,True,6,0.0751
case69limit,S2 Sec 4.4,scaled homotopy,True,3,0.0457
case69limit,S2 Sec 4.4,newton homotopy,True,3,0.0319
case69limit,S3 Sec 4.4,paper,True,3,0.0329
case69limit,S3 Sec 4.4,adaptive,True,3,0.0328
case69limit,S3 Sec 4.4,PC,True,4,0.0441
case69limit,S3 Sec 4.4,PC + adaptive,True,4,0.0425
case69limit,S3 Sec 4.4,OM,True,3,0.0339
case69limit,S3 Sec 4.4,OM + adaptive,True,3,0.0320
case69limit,S3 Sec 4.4,OM + PC,True,4,0.0430
case69limit,S3 Sec 4.4,OM + PC + adaptive,True,4,0.0431
case69limit,S3 Sec 4.4,BE-chord,True,4,0.0447
case69limit,S3 Sec 4.4,RK4,True,6,0.0659
case69limit,S3 Sec 4.4,scaled homotopy,True,3,0.0438
case69limit,S3 Sec 4.4,newton homotopy,True,3,0.0324
case69limit,S4 weak K,paper,True,3,0.0332
case69limit,S4 weak K,adaptive,True,3,0.0333
case69limit,S4 weak K,PC,True,4,0.0457
case69limit,S4 weak K,PC + adaptive,True,4,0.0432
case69limit,S4 weak K,OM,True,3,0.0387
case69limit,S4 weak K,OM + adaptive,True,3,0.0336
case69limit,S4 weak K,OM + PC,True,4,0.0438
case69limit,S4 weak K,OM + PC + adaptive,True,4,0.0441
case69limit,S4 weak K,BE-chord,True,3,0.0338
case69limit,S4 weak K,RK4,True,7,0.0774
case69limit,S4 weak K,scaled homotopy,True,3,0.0431
case69limit,S4 weak K,newton homotopy,True,3,0.0326
case69limit,S5 strong K,paper,True,3,0.0329
case69limit,S5 strong K,adaptive,True,3,0.0325
case69limit,S5 strong K,PC,True,4,0.0424
case69limit,S5 strong K,PC + adaptive,True,4,0.0423
case69limit,S5 strong K,OM,True,3,0.0323
case69limit,S5 strong K,OM + adaptive,True,3,0.0321
case69limit,S5 strong K,OM + PC,True,4,0.0440
case69limit,S5 strong K,OM + PC + adaptive,True,4,0.0430
case69limit,S5 strong K,BE-chord,True,3,0.0339
case69limit,S5 strong K,RK4,True,11,0.1178
case69limit,S5 strong K,scaled homotopy,True,3,0.0420
case69limit,S5 strong K,newton homotopy,True,3,0.0315
case141limit,S1 paper,paper,True,3,0.0363
case141limit,S1 paper,adaptive,True,3,0.0378
case141limit,S1 paper,PC,True,4,0.0488
case141limit,S1 paper,PC + adaptive,True,4,0.0492
case141limit,S1 paper,OM,True,3,0.0376
case141limit,S1 paper,OM + adaptive,True,3,0.0375
case141limit,S1 paper,OM + PC,True,4,0.0477
case141limit,S1 paper,OM + PC + adaptive,True,4,0.0497
case141limit,S1 paper,BE-chord,True,3,0.0367
case141limit,S1 paper,RK4,True,7,0.0840
case141limit,S1 paper,scaled homotopy,True,3,0.0461
case141limit,S1 paper,newton homotopy,True,3,0.0340
case141limit,S2 Sec 4.4,paper,True,3,0.0362
case141limit,S2 Sec 4.4,adaptive,True,3,0.0352
case141limit,S2 Sec 4.4,PC,True,4,0.0482
case141limit,S2 Sec 4.4,PC + adaptive,True,4,0.0471
case141limit,S2 Sec 4.4,OM,True,3,0.0367
case141limit,S2 Sec 4.4,OM + adaptive,True,3,0.0362
case141limit,S2 Sec 4.4,OM + PC,True,4,0.0476
case141limit,S2 Sec 4.4,OM + PC + adaptive,True,4,0.0478
case141limit,S2 Sec 4.4,BE-chord,True,4,0.0478
case141limit,S2 Sec 4.4,RK4,True,6,0.0693
case141limit,S2 Sec 4.4,scaled homotopy,True,3,0.0456
case141limit,S2 Sec 4.4,newton homotopy,True,3,0.0351
case141limit,S3 Sec 4.4,paper,True,3,0.0360
case141limit,S3 Sec 4.4,adaptive,True,3,0.0395
case141limit,S3 Sec 4.4,PC,True,4,0.0481
case141limit,S3 Sec 4.4,PC + adaptive,True,4,0.0491
case141limit,S3 Sec 4.4,OM,True,3,0.0376
case141limit,S3 Sec 4.4,OM + adaptive,True,3,0.0396
case141limit,S3 Sec 4.4,OM + PC,True,4,0.0511
case141limit,S3 Sec 4.4,OM + PC + adaptive,True,4,0.0509
case141limit,S3 Sec 4.4,BE-chord,True,4,0.0495
case141limit,S3 Sec 4.4,RK4,True,6,0.0744
case141limit,S3 Sec 4.4,scaled homotopy,True,3,0.0506
case141limit,S3 Sec 4.4,newton homotopy,True,3,0.0357
case141limit,S4 weak K,paper,True,3,0.0374
case141limit,S4 weak K,adaptive,True,3,0.0348
case141limit,S4 weak K,PC,True,4,0.0489
case141limit,S4 weak K,PC + adaptive,True,4,0.0479
case141limit,S4 weak K,OM,True,3,0.0371
case141limit,S4 weak K,OM + adaptive,True,3,0.0393
case141limit,S4 weak K,OM + PC,True,4,0.0493
case141limit,S4 weak K,OM + PC + adaptive,True,4,0.0463
case141limit,S4 weak K,BE-chord,True,3,0.0361
case141limit,S4 weak K,RK4,True,7,0.0828
case141limit,S4 weak K,scaled homotopy,True,3,0.0474
case141limit,S4 weak K,newton homotopy,True,3,0.0338
case141limit,S5 strong K,paper,True,3,0.0357
case141limit,S5 strong K,adaptive,True,3,0.0359
case141limit,S5 strong K,PC,True,4,0.0470
case141limit,S5 strong K,PC + adaptive,True,4,0.0498
case141limit,S5 strong K,OM,True,3,0.0354
case141limit,S5 strong K,OM + adaptive,True,3,0.0364
case141limit,S5 strong K,OM + PC,True,4,0.0489
case141limit,S5 strong K,OM + PC + adaptive,True,4,0.0471
case141limit,S5 strong K,BE-chord,True,4,0.0467
case141limit,S5 strong K,RK4,True,9,0.1027
case141limit,S5 strong K,scaled homotopy,True,3,0.0453
case141limit,S5 strong K,newton homotopy,True,3,0.0344
case_ACTIVSg500limit,S1 paper,paper,True,4,0.0687
case_ACTIVSg500limit,S1 paper,adaptive,True,4,0.0703
case_ACTIVSg500limit,S1 paper,PC,True,5,0.0884
case_ACTIVSg500limit,S1 paper,PC + adaptive,True,5,0.0873
case_ACTIVSg500limit,S1 paper,OM,True,4,0.0735
case_ACTIVSg500limit,S1 paper,OM + adaptive,True,4,0.0700
case_ACTIVSg500limit,S1 paper,OM + PC,True,5,0.0873
case_ACTIVSg500limit,S1 paper,OM + PC + adaptive,True,5,0.0922
case_ACTIVSg500limit,S1 paper,BE-chord,True,5,0.0914
case_ACTIVSg500limit,S1 paper,RK4,False,15,0.2732
case_ACTIVSg500limit,S1 paper,scaled homotopy,True,4,0.0801
case_ACTIVSg500limit,S1 paper,newton homotopy,True,5,0.0863
case_ACTIVSg500limit,S2 Sec 4.4,paper,True,4,0.0682
case_ACTIVSg500limit,S2 Sec 4.4,adaptive,True,4,0.0700
case_ACTIVSg500limit,S2 Sec 4.4,PC,True,5,0.0873
case_ACTIVSg500limit,S2 Sec 4.4,PC + adaptive,True,5,0.0859
case_ACTIVSg500limit,S2 Sec 4.4,OM,True,4,0.0696
case_ACTIVSg500limit,S2 Sec 4.4,OM + adaptive,True,4,0.0709
case_ACTIVSg500limit,S2 Sec 4.4,OM + PC,True,5,0.0944
case_ACTIVSg500limit,S2 Sec 4.4,OM + PC + adaptive,True,5,0.0902
case_ACTIVSg500limit,S2 Sec 4.4,BE-chord,True,5,0.0870
case_ACTIVSg500limit,S2 Sec 4.4,RK4,True,9,0.1524
case_ACTIVSg500limit,S2 Sec 4.4,scaled homotopy,True,4,0.0796
case_ACTIVSg500limit,S2 Sec 4.4,newton homotopy,True,5,0.0848
case_ACTIVSg500limit,S3 Sec 4.4,paper,True,4,0.0681
case_ACTIVSg500limit,S3 Sec 4.4,adaptive,True,4,0.0705
case_ACTIVSg500limit,S3 Sec 4.4,PC,True,5,0.0909
case_ACTIVSg500limit,S3 Sec 4.4,PC + adaptive,True,5,0.0886
case_ACTIVSg500limit,S3 Sec 4.4,OM,True,4,0.0687
case_ACTIVSg500limit,S3 Sec 4.4,OM + adaptive,True,4,0.0726
case_ACTIVSg500limit,S3 Sec 4.4,OM + PC,True,5,0.0878
case_ACTIVSg500limit,S3 Sec 4.4,OM + PC + adaptive,True,5,0.0892
case_ACTIVSg500limit,S3 Sec 4.4,BE-chord,True,5,0.0910
case_ACTIVSg500limit,S3 Sec 4.4,RK4,True,8,0.1437
case_ACTIVSg500limit,S3 Sec 4.4,scaled homotopy,True,4,0.0882
case_ACTIVSg500limit,S3 Sec 4.4,newton homotopy,True,5,0.0840
case_ACTIVSg500limit,S4 weak K,paper,True,4,0.0711
case_ACTIVSg500limit,S4 weak K,adaptive,True,4,0.0694
case_ACTIVSg500limit,S4 weak K,PC,True,4,0.0707
case_ACTIVSg500limit,S4 weak K,PC + adaptive,True,4,0.0713
case_ACTIVSg500limit,S4 weak K,OM,True,4,0.0715
case_ACTIVSg500limit,S4 weak K,OM + adaptive,True,4,0.0711
case_ACTIVSg500limit,S4 weak K,OM + PC,True,4,0.0695
case_ACTIVSg500limit,S4 weak K,OM + PC + adaptive,True,4,0.0686
case_ACTIVSg500limit,S4 weak K,BE-chord,True,5,0.0892
case_ACTIVSg500limit,S4 weak K,RK4,False,15,0.2620
case_ACTIVSg500limit,S4 weak K,scaled homotopy,True,4,0.0790
case_ACTIVSg500limit,S4 weak K,newton homotopy,True,5,0.0833
case_ACTIVSg500limit,S5 strong K,paper,True,4,0.0729
case_ACTIVSg500limit,S5 strong K,adaptive,True,4,0.0680
case_ACTIVSg500limit,S5 strong K,PC,True,5,0.0862
case_ACTIVSg500limit,S5 strong K,PC + adaptive,True,5,0.0817
case_ACTIVSg500limit,S5 strong K,OM,True,4,0.0711
case_ACTIVSg500limit,S5 strong K,OM + adaptive,True,4,0.0701
case_ACTIVSg500limit,S5 strong K,OM + PC,True,5,0.0882
case_ACTIVSg500limit,S5 strong K,OM + PC + adaptive,True,5,0.0875
case_ACTIVSg500limit,S5 strong K,BE-chord,True,5,0.0887
case_ACTIVSg500limit,S5 strong K,RK4,False,15,0.2620
case_ACTIVSg500limit,S5 strong K,scaled homotopy,True,4,0.0811
case_ACTIVSg500limit,S5 strong K,newton homotopy,True,5,0.0873
case_ACTIVSg2000limit,S1 paper,paper,True,5,0.2416
case_ACTIVSg2000limit,S1 paper,adaptive,True,14,0.6645
case_ACTIVSg2000limit,S1 paper,PC,True,6,0.2769
case_ACTIVSg2000limit,S1 paper,PC + adaptive,True,6,0.2823
case_ACTIVSg2000limit,S1 paper,OM,True,5,0.2447
case_ACTIVSg2000limit,S1 paper,OM + adaptive,True,14,0.6616
case_ACTIVSg2000limit,S1 paper,OM + PC,True,6,0.2782
case_ACTIVSg2000limit,S1 paper,OM + PC + adaptive,True,6,0.2820
case_ACTIVSg2000limit,S1 paper,BE-chord,True,6,0.2787
case_ACTIVSg2000limit,S1 paper,RK4,False,15,0.7702
case_ACTIVSg2000limit,S1 paper,scaled homotopy,True,5,0.2472
case_ACTIVSg2000limit,S1 paper,newton homotopy,True,6,0.2676
case_ACTIVSg2000limit,S2 Sec 4.4,paper,True,5,0.2293
case_ACTIVSg2000limit,S2 Sec 4.4,adaptive,True,9,0.4135
case_ACTIVSg2000limit,S2 Sec 4.4,PC,True,6,0.2792
case_ACTIVSg2000limit,S2 Sec 4.4,PC + adaptive,True,6,0.2749
case_ACTIVSg2000limit,S2 Sec 4.4,OM,True,5,0.2393
case_ACTIVSg2000limit,S2 Sec 4.4,OM + adaptive,True,9,0.4359
case_ACTIVSg2000limit,S2 Sec 4.4,OM + PC,True,6,0.2926
case_ACTIVSg2000limit,S2 Sec 4.4,OM + PC + adaptive,True,6,0.2838
case_ACTIVSg2000limit,S2 Sec 4.4,BE-chord,True,6,0.2775
case_ACTIVSg2000limit,S2 Sec 4.4,RK4,False,15,0.7530
case_ACTIVSg2000limit,S2 Sec 4.4,scaled homotopy,True,5,0.2481
case_ACTIVSg2000limit,S2 Sec 4.4,newton homotopy,True,6,0.2809
case_ACTIVSg2000limit,S3 Sec 4.4,paper,True,5,0.2357
case_ACTIVSg2000limit,S3 Sec 4.4,adaptive,True,7,0.3284
case_ACTIVSg2000limit,S3 Sec 4.4,PC,True,6,0.2748
case_ACTIVSg2000limit,S3 Sec 4.4,PC + adaptive,True,6,0.2824
case_ACTIVSg2000limit,S3 Sec 4.4,OM,True,5,0.2387
case_ACTIVSg2000limit,S3 Sec 4.4,OM + adaptive,True,7,0.3569
case_ACTIVSg2000limit,S3 Sec 4.4,OM + PC,True,6,0.2948
case_ACTIVSg2000limit,S3 Sec 4.4,OM + PC + adaptive,True,6,0.2842
case_ACTIVSg2000limit,S3 Sec 4.4,BE-chord,True,6,0.2859
case_ACTIVSg2000limit,S3 Sec 4.4,RK4,False,15,0.6845
case_ACTIVSg2000limit,S3 Sec 4.4,scaled homotopy,True,5,0.2462
case_ACTIVSg2000limit,S3 Sec 4.4,newton homotopy,True,6,0.2744
case_ACTIVSg2000limit,S4 weak K,paper,True,5,0.2330
case_ACTIVSg2000limit,S4 weak K,adaptive,True,14,0.6604
case_ACTIVSg2000limit,S4 weak K,PC,True,5,0.2323
case_ACTIVSg2000limit,S4 weak K,PC + adaptive,True,5,0.2372
case_ACTIVSg2000limit,S4 weak K,OM,True,5,0.2357
case_ACTIVSg2000limit,S4 weak K,OM + adaptive,True,14,0.6768
case_ACTIVSg2000limit,S4 weak K,OM + PC,True,5,0.2376
case_ACTIVSg2000limit,S4 weak K,OM + PC + adaptive,True,5,0.2361
case_ACTIVSg2000limit,S4 weak K,BE-chord,True,6,0.2882
case_ACTIVSg2000limit,S4 weak K,RK4,False,15,0.7940
case_ACTIVSg2000limit,S4 weak K,scaled homotopy,True,5,0.2432
case_ACTIVSg2000limit,S4 weak K,newton homotopy,True,6,0.2734
case_ACTIVSg2000limit,S5 strong K,paper,True,5,0.2323
case_ACTIVSg2000limit,S5 strong K,adaptive,True,9,0.4258
case_ACTIVSg2000limit,S5 strong K,PC,True,6,0.2805
case_ACTIVSg2000limit,S5 strong K,PC + adaptive,True,6,0.2799
case_ACTIVSg2000limit,S5 strong K,OM,True,5,0.2394
case_ACTIVSg2000limit,S5 strong K,OM + adaptive,True,9,0.4290
case_ACTIVSg2000limit,S5 strong K,OM + PC,True,6,0.2966
case_ACTIVSg2000limit,S5 strong K,OM + PC + adaptive,True,6,0.2876
case_ACTIVSg2000limit,S5 strong K,BE-chord,True,6,0.2800
case_ACTIVSg2000limit,S5 strong K,RK4,False,15,0.7984
case_ACTIVSg2000limit,S5 strong K,scaled homotopy,True,5,0.2710
case_ACTIVSg2000limit,S5 strong K,newton homotopy,True,6,0.2754
case6024,S1 paper,paper,False,12,1.1785
case6024,S1 paper,adaptive,False,8,0.8039
case6024,S1 paper,PC,False,14,1.3843
case6024,S1 paper,PC + adaptive,False,16,1.6668
case6024,S1 paper,OM,False,12,1.2455
case6024,S1 paper,OM + adaptive,False,8,0.7788
case6024,S1 paper,OM + PC,False,14,1.3721
case6024,S1 paper,OM + PC + adaptive,False,16,1.5019
case6024,S1 paper,BE-chord,False,12,1.2144
case6024,S1 paper,RK4,False,15,1.5549
case6024,S1 paper,scaled homotopy,False,12,1.1945
case6024,S1 paper,newton homotopy,False,12,1.2108
case6024,S2 Sec 4.4,paper,False,12,1.2261
case6024,S2 Sec 4.4,adaptive,True,17,1.7498
case6024,S2 Sec 4.4,PC,False,14,1.4712
case6024,S2 Sec 4.4,PC + adaptive,False,30,2.9828
case6024,S2 Sec 4.4,OM,False,12,1.2038
case6024,S2 Sec 4.4,OM + adaptive,True,17,1.6790
case6024,S2 Sec 4.4,OM + PC,False,14,1.3508
case6024,S2 Sec 4.4,OM + PC + adaptive,False,30,3.0307
case6024,S2 Sec 4.4,BE-chord,False,12,1.3399
case6024,S2 Sec 4.4,RK4,False,13,1.5730
case6024,S2 Sec 4.4,scaled homotopy,False,12,1.2773
case6024,S2 Sec 4.4,newton homotopy,False,12,1.2635
case6024,S3 Sec 4.4,paper,False,12,1.3408
case6024,S3 Sec 4.4,adaptive,True,13,1.3355
case6024,S3 Sec 4.4,PC,False,14,1.3474
case6024,S3 Sec 4.4,PC + adaptive,False,26,2.5461
case6024,S3 Sec 4.4,OM,False,12,1.1753
case6024,S3 Sec 4.4,OM + adaptive,True,13,1.2329
case6024,S3 Sec 4.4,OM + PC,False,14,1.3811
case6024,S3 Sec 4.4,OM + PC + adaptive,False,26,2.5925
case6024,S3 Sec 4.4,BE-chord,False,12,1.1876
case6024,S3 Sec 4.4,RK4,False,15,1.4800
case6024,S3 Sec 4.4,scaled homotopy,False,12,1.1385
case6024,S3 Sec 4.4,newton homotopy,False,12,1.1530
case6024,S4 weak K,paper,False,12,1.1038
case6024,S4 weak K,adaptive,False,8,0.7541
case6024,S4 weak K,PC,False,14,1.3628
case6024,S4 weak K,PC + adaptive,False,24,2.2804
case6024,S4 weak K,OM,False,12,1.1537
case6024,S4 weak K,OM + adaptive,False,8,0.7655
case6024,S4 weak K,OM + PC,False,14,1.3414
case6024,S4 weak K,OM + PC + adaptive,False,24,2.2644
case6024,S4 weak K,BE-chord,False,12,1.2212
case6024,S4 weak K,RK4,False,15,1.5125
case6024,S4 weak K,scaled homotopy,False,12,1.1352
case6024,S4 weak K,newton homotopy,False,12,1.1008
case6024,S5 strong K,paper,True,6,0.5467
case6024,S5 strong K,adaptive,True,6,0.5466
case6024,S5 strong K,PC,True,6,0.5617
case6024,S5 strong K,PC + adaptive,True,6,0.5583
case6024,S5 strong K,OM,True,6,0.5689
case6024,S5 strong K,OM + adaptive,True,6,0.5563
case6024,S5 strong K,OM + PC,True,6,0.5494
case6024,S5 strong K,OM + PC + adaptive,True,6,0.5567
case6024,S5 strong K,BE-chord,True,8,0.7461
case6024,S5 strong K,RK4,False,15,1.5173
case6024,S5 strong K,scaled homotopy,True,6,0.5772
case6024,S5 strong K,newton homotopy,False,12,1.0848
case6243,S1 paper,paper,True,6,0.5953
case6243,S1 paper,adaptive,True,6,0.5918
case6243,S1 paper,PC,True,6,0.6166
case6243,S1 paper,PC + adaptive,True,6,0.5953
case6243,S1 paper,OM,True,6,0.6206
case6243,S1 paper,OM + adaptive,True,6,0.6030
case6243,S1 paper,OM + PC,True,6,0.6002
case6243,S1 paper,OM + PC + adaptive,True,6,0.6178
case6243,S1 paper,BE-chord,False,12,1.2369
case6243,S1 paper,RK4,False,15,1.7330
case6243,S1 paper,scaled homotopy,True,6,0.6594
case6243,S1 paper,newton homotopy,False,12,1.2374
case6243,S2 Sec 4.4,paper,True,7,0.7112
case6243,S2 Sec 4.4,adaptive,True,7,0.6935
case6243,S2 Sec 4.4,PC,True,6,0.5850
case6243,S2 Sec 4.4,PC + adaptive,True,6,0.5939
case6243,S2 Sec 4.4,OM,True,6,0.6052
case6243,S2 Sec 4.4,OM + adaptive,True,6,0.6115
case6243,S2 Sec 4.4,OM + PC,True,6,0.5931
case6243,S2 Sec 4.4,OM + PC + adaptive,True,6,0.6173
case6243,S2 Sec 4.4,BE-chord,False,12,1.2091
case6243,S2 Sec 4.4,RK4,False,15,1.5711
case6243,S2 Sec 4.4,scaled homotopy,True,7,0.7243
case6243,S2 Sec 4.4,newton homotopy,False,12,1.2618
case6243,S3 Sec 4.4,paper,True,7,0.6827
case6243,S3 Sec 4.4,adaptive,True,7,0.6851
case6243,S3 Sec 4.4,PC,True,7,0.6844
case6243,S3 Sec 4.4,PC + adaptive,True,7,0.6857
case6243,S3 Sec 4.4,OM,True,7,0.7141
case6243,S3 Sec 4.4,OM + adaptive,True,7,0.7387
case6243,S3 Sec 4.4,OM + PC,True,6,0.6029
case6243,S3 Sec 4.4,OM + PC + adaptive,True,6,0.6081
case6243,S3 Sec 4.4,BE-chord,True,10,1.0055
case6243,S3 Sec 4.4,RK4,False,15,1.6968
case6243,S3 Sec 4.4,scaled homotopy,True,7,0.7904
case6243,S3 Sec 4.4,newton homotopy,False,12,1.3392
case6243,S4 weak K,paper,False,12,1.3363
case6243,S4 weak K,adaptive,False,8,0.9137
case6243,S4 weak K,PC,False,14,1.4856
case6243,S4 weak K,PC + adaptive,False,16,1.6501
case6243,S4 weak K,OM,False,12,1.3062
case6243,S4 weak K,OM + adaptive,False,8,0.8546
case6243,S4 weak K,OM + PC,False,14,1.6371
case6243,S4 weak K,OM + PC + adaptive,False,16,1.7771
case6243,S4 weak K,BE-chord,False,12,1.3946
case6243,S4 weak K,RK4,False,15,1.7542
case6243,S4 weak K,scaled homotopy,False,12,1.4166
case6243,S4 weak K,newton homotopy,False,12,1.3678
case6243,S5 strong K,paper,True,6,0.6385
case6243,S5 strong K,adaptive,True,6,0.6329
case6243,S5 strong K,PC,True,6,0.6601
case6243,S5 strong K,PC + adaptive,True,6,0.6871
case6243,S5 strong K,OM,True,6,0.6637
case6243,S5 strong K,OM + adaptive,True,6,0.7205
case6243,S5 strong K,OM + PC,True,6,0.6566
case6243,S5 strong K,OM + PC + adaptive,True,6,0.6492
case6243,S5 strong K,BE-chord,True,7,0.7831
case6243,S5 strong K,RK4,False,15,1.8152
case6243,S5 strong K,scaled homotopy,True,6,0.6803
case6243,S5 strong K,newton homotopy,False,12,1.3242
case6748,S1 paper,paper,False,12,1.4041
case6748,S1 paper,adaptive,True,19,2.1834
case6748,S1 paper,PC,False,14,1.6290
case6748,S1 paper,PC + adaptive,False,14,1.5644
case6748,S1 paper,OM,False,12,1.4001
case6748,S1 paper,OM + adaptive,True,18,1.9590
case6748,S1 paper,OM + PC,False,14,1.6285
case6748,S1 paper,OM + PC + adaptive,False,14,1.6545
case6748,S1 paper,BE-chord,False,12,1.4346
case6748,S1 paper,RK4,False,15,1.8188
case6748,S1 paper,scaled homotopy,False,12,1.5156
case6748,S1 paper,newton homotopy,False,12,1.4101
case6748,S2 Sec 4.4,paper,False,12,1.3949
case6748,S2 Sec 4.4,adaptive,True,14,1.7007
case6748,S2 Sec 4.4,PC,False,14,1.6016
case6748,S2 Sec 4.4,PC + adaptive,False,26,2.9214
case6748,S2 Sec 4.4,OM,False,12,1.4034
case6748,S2 Sec 4.4,OM + adaptive,True,14,1.5828
case6748,S2 Sec 4.4,OM + PC,False,14,1.8055
case6748,S2 Sec 4.4,OM + PC + adaptive,False,26,3.2629
case6748,S2 Sec 4.4,BE-chord,False,12,1.3941
case6748,S2 Sec 4.4,RK4,False,15,1.8818
case6748,S2 Sec 4.4,scaled homotopy,False,12,1.4712
case6748,S2 Sec 4.4,newton homotopy,False,12,1.3479
case6748,S3 Sec 4.4,paper,False,12,1.2939
case6748,S3 Sec 4.4,adaptive,False,144,16.2686
case6748,S3 Sec 4.4,PC,False,14,1.5254
case6748,S3 Sec 4.4,PC + adaptive,False,14,1.5723
case6748,S3 Sec 4.4,OM,False,12,1.3554
case6748,S3 Sec 4.4,OM + adaptive,False,144,16.1805
case6748,S3 Sec 4.4,OM + PC,False,14,1.5386
case6748,S3 Sec 4.4,OM + PC + adaptive,False,14,1.5643
case6748,S3 Sec 4.4,BE-chord,False,12,1.4017
case6748,S3 Sec 4.4,RK4,False,15,1.7633
case6748,S3 Sec 4.4,scaled homotopy,False,12,1.3449
case6748,S3 Sec 4.4,newton homotopy,False,12,1.3348
case6748,S4 weak K,paper,False,12,1.3495
case6748,S4 weak K,adaptive,False,8,0.9193
case6748,S4 weak K,PC,False,14,1.6069
case6748,S4 weak K,PC + adaptive,False,16,1.9371
case6748,S4 weak K,OM,False,12,1.4094
case6748,S4 weak K,OM + adaptive,False,8,0.8698
case6748,S4 weak K,OM + PC,False,14,1.5746
case6748,S4 weak K,OM + PC + adaptive,False,16,2.1110
case6748,S4 weak K,BE-chord,False,12,1.4672
case6748,S4 weak K,RK4,False,15,1.7760
case6748,S4 weak K,scaled homotopy,False,12,1.4534
case6748,S4 weak K,newton homotopy,False,12,1.3776
case6748,S5 strong K,paper,True,7,0.7397
case6748,S5 strong K,adaptive,True,7,0.8118
case6748,S5 strong K,PC,True,6,0.6715
case6748,S5 strong K,PC + adaptive,True,6,0.6284
case6748,S5 strong K,OM,True,7,0.7561
case6748,S5 strong K,OM + adaptive,True,7,0.7452
case6748,S5 strong K,OM + PC,True,6,0.6539
case6748,S5 strong K,OM + PC + adaptive,True,6,0.6688
case6748,S5 strong K,BE-chord,False,12,1.3696
case6748,S5 strong K,RK4,False,11,1.3083
case6748,S5 strong K,scaled homotopy,True,7,0.8379
case6748,S5 strong K,newton homotopy,False,12,1.4154
case7092,S1 paper,paper,True,6,0.6903
case7092,S1 paper,adaptive,True,6,0.6992
case7092,S1 paper,PC,True,6,0.6673
case7092,S1 paper,PC + adaptive,True,6,0.6590
case7092,S1 paper,OM,True,6,0.6968
case7092,S1 paper,OM + adaptive,True,6,0.7879
case7092,S1 paper,OM + PC,True,6,0.6856
case7092,S1 paper,OM + PC + adaptive,True,6,0.6993
case7092,S1 paper,BE-chord,True,7,0.9137
case7092,S1 paper,RK4,False,15,1.9094
case7092,S1 paper,scaled homotopy,True,6,0.7225
case7092,S1 paper,newton homotopy,False,12,1.3523
case7092,S2 Sec 4.4,paper,True,6,0.7028
case7092,S2 Sec 4.4,adaptive,True,6,0.6793
case7092,S2 Sec 4.4,PC,True,6,0.7380
case7092,S2 Sec 4.4,PC + adaptive,True,6,0.6854
case7092,S2 Sec 4.4,OM,True,6,0.6879
case7092,S2 Sec 4.4,OM + adaptive,True,6,0.7162
case7092,S2 Sec 4.4,OM + PC,True,6,0.6992
case7092,S2 Sec 4.4,OM + PC + adaptive,True,6,0.6954
case7092,S2 Sec 4.4,BE-chord,True,7,0.9325
case7092,S2 Sec 4.4,RK4,False,15,1.8025
case7092,S2 Sec 4.4,scaled homotopy,True,6,0.7155
case7092,S2 Sec 4.4,newton homotopy,False,12,1.3761
case7092,S3 Sec 4.4,paper,True,6,0.7356
case7092,S3 Sec 4.4,adaptive,True,6,0.7196
case7092,S3 Sec 4.4,PC,True,6,0.6850
case7092,S3 Sec 4.4,PC + adaptive,True,6,0.6768
case7092,S3 Sec 4.4,OM,True,6,0.7101
case7092,S3 Sec 4.4,OM + adaptive,True,6,0.6840
case7092,S3 Sec 4.4,OM + PC,True,6,0.7435
case7092,S3 Sec 4.4,OM + PC + adaptive,True,6,0.7117
case7092,S3 Sec 4.4,BE-chord,True,7,0.8498
case7092,S3 Sec 4.4,RK4,True,15,1.6807
case7092,S3 Sec 4.4,scaled homotopy,True,6,0.7757
case7092,S3 Sec 4.4,newton homotopy,False,12,1.4354
case7092,S4 weak K,paper,False,12,1.3843
case7092,S4 weak K,adaptive,False,8,0.9684
case7092,S4 weak K,PC,False,14,1.6713
case7092,S4 weak K,PC + adaptive,False,16,2.0347
case7092,S4 weak K,OM,False,12,1.4295
case7092,S4 weak K,OM + adaptive,False,8,0.9366
case7092,S4 weak K,OM + PC,False,14,1.6186
case7092,S4 weak K,OM + PC + adaptive,False,16,1.9515
case7092,S4 weak K,BE-chord,False,12,1.4412
case7092,S4 weak K,RK4,False,15,1.8973
case7092,S4 weak K,scaled homotopy,False,12,1.4237
case7092,S4 weak K,newton homotopy,False,12,1.3340
case7092,S5 strong K,paper,True,5,0.5509
case7092,S5 strong K,adaptive,True,5,0.5715
case7092,S5 strong K,PC,True,6,0.7182
case7092,S5 strong K,PC + adaptive,True,6,0.7017
case7092,S5 strong K,OM,True,5,0.5852
case7092,S5 strong K,OM + adaptive,True,5,0.5747
case7092,S5 strong K,OM + PC,True,6,0.7087
case7092,S5 strong K,OM + PC + adaptive,True,6,0.7598
case7092,S5 strong K,BE-chord,True,6,0.8144
case7092,S5 strong K,RK4,False,15,1.9856
case7092,S5 strong K,scaled homotopy,True,5,0.6399
case7092,S5 strong K,newton homotopy,False,12,1.3599
case9961,S1 paper,paper,True,6,0.9339
case9961,S1 paper,adaptive,True,6,0.9417
case9961,S1 paper,PC,True,6,0.9501
case9961,S1 paper,PC + adaptive,True,6,0.9142
case9961,S1 paper,OM,True,6,0.9976
case9961,S1 paper,OM + adaptive,True,6,0.9256
case9961,S1 paper,OM + PC,True,6,1.0096
case9961,S1 paper,OM + PC + adaptive,True,6,1.0256
case9961,S1 paper,BE-chord,True,7,1.2154
case9961,S1 paper,RK4,False,15,2.4971
case9961,S1 paper,scaled homotopy,True,6,1.0582
case9961,S1 paper,newton homotopy,False,12,1.9686
case9961,S2 Sec 4.4,paper,True,6,0.9256
case9961,S2 Sec 4.4,adaptive,True,6,0.9227
case9961,S2 Sec 4.4,PC,True,6,1.0174
case9961,S2 Sec 4.4,PC + adaptive,True,6,0.9644
case9961,S2 Sec 4.4,OM,True,6,0.9563
case9961,S2 Sec 4.4,OM + adaptive,True,6,0.9482
case9961,S2 Sec 4.4,OM + PC,True,6,1.0208
case9961,S2 Sec 4.4,OM + PC + adaptive,True,6,0.9535
case9961,S2 Sec 4.4,BE-chord,True,7,1.1198
case9961,S2 Sec 4.4,RK4,False,15,2.5243
case9961,S2 Sec 4.4,scaled homotopy,True,6,1.0092
case9961,S2 Sec 4.4,newton homotopy,False,12,1.8535
case9961,S3 Sec 4.4,paper,True,7,1.0790
case9961,S3 Sec 4.4,adaptive,True,7,1.1222
case9961,S3 Sec 4.4,PC,True,6,0.9282
case9961,S3 Sec 4.4,PC + adaptive,True,6,0.9373
case9961,S3 Sec 4.4,OM,True,6,0.9765
case9961,S3 Sec 4.4,OM + adaptive,True,6,1.0182
case9961,S3 Sec 4.4,OM + PC,True,6,0.9406
case9961,S3 Sec 4.4,OM + PC + adaptive,True,6,0.9592
case9961,S3 Sec 4.4,BE-chord,True,7,1.1934
case9961,S3 Sec 4.4,RK4,False,15,2.4394
case9961,S3 Sec 4.4,scaled homotopy,True,7,1.1304
case9961,S3 Sec 4.4,newton homotopy,False,12,1.9536
case9961,S4 weak K,paper,False,12,1.9415
case9961,S4 weak K,adaptive,False,20,3.2169
case9961,S4 weak K,PC,False,14,2.2440
case9961,S4 weak K,PC + adaptive,False,16,2.5760
case9961,S4 weak K,OM,False,12,1.9545
case9961,S4 weak K,OM + adaptive,False,20,3.2957
case9961,S4 weak K,OM + PC,False,14,2.3582
case9961,S4 weak K,OM + PC + adaptive,False,16,2.5596
case9961,S4 weak K,BE-chord,False,12,2.1084
case9961,S4 weak K,RK4,False,15,2.7484
case9961,S4 weak K,scaled homotopy,False,12,1.8687
case9961,S4 weak K,newton homotopy,False,12,1.9347
case9961,S5 strong K,paper,True,6,1.0201
case9961,S5 strong K,adaptive,True,6,0.9601
case9961,S5 strong K,PC,True,6,0.9207
case9961,S5 strong K,PC + adaptive,True,6,0.9085
case9961,S5 strong K,OM,True,5,0.8166
case9961,S5 strong K,OM + adaptive,True,5,0.8275
case9961,S5 strong K,OM + PC,True,6,0.9494
case9961,S5 strong K,OM + PC + adaptive,True,6,0.9987
case9961,S5 strong K,BE-chord,True,6,0.9406
case9961,S5 strong K,RK4,False,15,2.6057
case9961,S5 strong K,scaled homotopy,True,6,0.9689
case9961,S5 strong K,newton homotopy,False,12,1.9045
case10595,S1 paper,paper,True,6,1.1800
case10595,S1 paper,adaptive,True,6,1.1565
case10595,S1 paper,PC,True,6,1.2057
case10595,S1 paper,PC + adaptive,True,6,1.2145
case10595,S1 paper,OM,True,5,0.9671
case10595,S1 paper,OM + adaptive,True,5,1.0118
case10595,S1 paper,OM + PC,True,6,1.2260
case10595,S1 paper,OM + PC + adaptive,True,6,1.1657
case10595,S1 paper,BE-chord,True,6,1.1924
case10595,S1 paper,RK4,False,15,3.3307
case10595,S1 paper,scaled homotopy,True,6,1.2312
case10595,S1 paper,newton homotopy,False,12,2.3598
case10595,S2 Sec 4.4,paper,True,6,1.1804
case10595,S2 Sec 4.4,adaptive,True,6,1.1537
case10595,S2 Sec 4.4,PC,True,6,1.1831
case10595,S2 Sec 4.4,PC + adaptive,True,6,1.1694
case10595,S2 Sec 4.4,OM,True,6,1.1923
case10595,S2 Sec 4.4,OM + adaptive,True,6,1.1501
case10595,S2 Sec 4.4,OM + PC,True,6,1.1817
case10595,S2 Sec 4.4,OM + PC + adaptive,True,6,1.1771
case10595,S2 Sec 4.4,BE-chord,True,7,1.4217
case10595,S2 Sec 4.4,RK4,False,15,3.1952
case10595,S2 Sec 4.4,scaled homotopy,True,6,1.4627
case10595,S2 Sec 4.4,newton homotopy,False,12,2.3737
case10595,S3 Sec 4.4,paper,True,6,1.1565
case10595,S3 Sec 4.4,adaptive,True,6,1.1520
case10595,S3 Sec 4.4,PC,True,6,1.2010
case10595,S3 Sec 4.4,PC + adaptive,True,6,1.1431
case10595,S3 Sec 4.4,OM,True,6,1.2634
case10595,S3 Sec 4.4,OM + adaptive,True,6,1.1819
case10595,S3 Sec 4.4,OM + PC,True,6,1.2022
case10595,S3 Sec 4.4,OM + PC + adaptive,True,6,1.1526
case10595,S3 Sec 4.4,BE-chord,True,6,1.2106
case10595,S3 Sec 4.4,RK4,False,15,2.9677
case10595,S3 Sec 4.4,scaled homotopy,True,6,1.1946
case10595,S3 Sec 4.4,newton homotopy,True,11,2.1205
case10595,S4 weak K,paper,False,12,2.3178
case10595,S4 weak K,adaptive,False,8,1.6686
case10595,S4 weak K,PC,False,14,2.7255
case10595,S4 weak K,PC + adaptive,False,14,2.7086
case10595,S4 weak K,OM,True,11,2.1986
case10595,S4 weak K,OM + adaptive,False,8,1.6000
case10595,S4 weak K,OM + PC,False,14,2.7002
case10595,S4 weak K,OM + PC + adaptive,False,14,2.8310
case10595,S4 weak K,BE-chord,False,12,2.5497
case10595,S4 weak K,RK4,False,15,3.3533
case10595,S4 weak K,scaled homotopy,False,12,2.4953
case10595,S4 weak K,newton homotopy,False,12,2.3631
case10595,S5 strong K,paper,True,5,0.9493
case10595,S5 strong K,adaptive,True,5,0.9442
case10595,S5 strong K,PC,True,6,1.1783
case10595,S5 strong K,PC + adaptive,True,6,1.1494
case10595,S5 strong K,OM,True,5,0.9566
case10595,S5 strong K,OM + adaptive,True,5,0.9354
case10595,S5 strong K,OM + PC,True,6,1.1102
case10595,S5 strong K,OM + PC + adaptive,True,6,1.1621
case10595,S5 strong K,BE-chord,True,6,1.2352
case10595,S5 strong K,RK4,False,15,3.4933
case10595,S5 strong K,scaled homotopy,True,5,0.9929
case10595,S5 strong K,newton homotopy,False,12,2.2594
case12110,S1 paper,paper,True,5,1.1194
case12110,S1 paper,adaptive,True,5,1.1070
case12110,S1 paper,PC,True,6,1.3249
case12110,S1 paper,PC + adaptive,True,6,1.3679
case12110,S1 paper,OM,True,5,1.0787
case12110,S1 paper,OM + adaptive,True,5,1.1031
case12110,S1 paper,OM + PC,True,6,1.3299
case12110,S1 paper,OM + PC + adaptive,True,6,1.3435
case12110,S1 paper,BE-chord,True,6,1.3981
case12110,S1 paper,RK4,False,15,3.6964
case12110,S1 paper,scaled homotopy,True,6,1.4307
case12110,S1 paper,newton homotopy,False,12,2.5768
case12110,S2 Sec 4.4,paper,True,6,1.3392
case12110,S2 Sec 4.4,adaptive,True,6,1.3960
case12110,S2 Sec 4.4,PC,True,6,1.3051
case12110,S2 Sec 4.4,PC + adaptive,True,6,1.3058
case12110,S2 Sec 4.4,OM,True,6,1.3610
case12110,S2 Sec 4.4,OM + adaptive,True,6,1.3141
case12110,S2 Sec 4.4,OM + PC,True,6,1.2931
case12110,S2 Sec 4.4,OM + PC + adaptive,True,6,1.3426
case12110,S2 Sec 4.4,BE-chord,True,7,1.6395
case12110,S2 Sec 4.4,RK4,False,15,3.6783
case12110,S2 Sec 4.4,scaled homotopy,True,6,1.4535
case12110,S2 Sec 4.4,newton homotopy,False,12,2.6782
case12110,S3 Sec 4.4,paper,True,6,1.3044
case12110,S3 Sec 4.4,adaptive,True,6,1.3349
case12110,S3 Sec 4.4,PC,True,6,1.3098
case12110,S3 Sec 4.4,PC + adaptive,True,6,1.3012
case12110,S3 Sec 4.4,OM,True,6,1.3239
case12110,S3 Sec 4.4,OM + adaptive,True,6,1.3865
case12110,S3 Sec 4.4,OM + PC,True,6,1.3075
case12110,S3 Sec 4.4,OM + PC + adaptive,True,6,1.3142
case12110,S3 Sec 4.4,BE-chord,True,6,1.3519
case12110,S3 Sec 4.4,RK4,False,15,3.3833
case12110,S3 Sec 4.4,scaled homotopy,True,6,1.4104
case12110,S3 Sec 4.4,newton homotopy,False,12,2.5942
case12110,S4 weak K,paper,False,12,2.7269
case12110,S4 weak K,adaptive,False,8,1.8319
case12110,S4 weak K,PC,False,14,3.0771
case12110,S4 weak K,PC + adaptive,False,14,3.0508
case12110,S4 weak K,OM,False,12,2.5283
case12110,S4 weak K,OM + adaptive,False,8,1.9167
case12110,S4 weak K,OM + PC,True,12,2.6017
case12110,S4 weak K,OM + PC + adaptive,True,12,2.6576
case12110,S4 weak K,BE-chord,False,12,2.8097
case12110,S4 weak K,RK4,False,15,3.7401
case12110,S4 weak K,scaled homotopy,False,12,2.6786
case12110,S4 weak K,newton homotopy,False,12,2.6294
case12110,S5 strong K,paper,True,5,1.1426
case12110,S5 strong K,adaptive,True,5,1.1315
case12110,S5 strong K,PC,True,6,1.3485
case12110,S5 strong K,PC + adaptive,True,6,1.3476
case12110,S5 strong K,OM,True,5,1.0957
case12110,S5 strong K,OM + adaptive,True,5,1.2855
case12110,S5 strong K,OM + PC,True,6,1.3867
case12110,S5 strong K,OM + PC + adaptive,True,6,1.3004
case12110,S5 strong K,BE-chord,True,6,1.3913
case12110,S5 strong K,RK4,False,14,3.6929
case12110,S5 strong K,scaled homotopy,True,5,1.2190
case12110,S5 strong K,newton homotopy,False,12,2.5887
case14limit,S1 paper,paper,False,12,0.1200
case14limit,S1 paper,adaptive,False,12,0.1144
case14limit,S1 paper,PC,True,13,0.1296
case14limit,S1 paper,PC + adaptive,True,13,0.1311
case14limit,S1 paper,OM,True,10,0.1013
case14limit,S1 paper,OM + adaptive,True,10,0.1125
case14limit,S1 paper,OM + PC,True,10,0.1403
case14limit,S1 paper,OM + PC + adaptive,True,10,0.1081
case14limit,S1 paper,BE-chord,False,12,0.1241
case14limit,S1 paper,RK4,False,15,0.2011
case14limit,S1 paper,scaled homotopy,False,12,0.1513
case14limit,S1 paper,newton homotopy,False,12,0.1188
case14limit,S2 Sec 4.4,paper,False,12,0.1332
case14limit,S2 Sec 4.4,adaptive,False,12,0.1505
case14limit,S2 Sec 4.4,PC,True,13,0.1485
case14limit,S2 Sec 4.4,PC + adaptive,True,13,0.1883
case14limit,S2 Sec 4.4,OM,True,10,0.1480
case14limit,S2 Sec 4.4,OM + adaptive,True,10,0.1121
case14limit,S2 Sec 4.4,OM + PC,True,11,0.1133
case14limit,S2 Sec 4.4,OM + PC + adaptive,True,11,0.1211
case14limit,S2 Sec 4.4,BE-chord,False,12,0.1337
case14limit,S2 Sec 4.4,RK4,False,15,0.1675
case14limit,S2 Sec 4.4,scaled homotopy,False,12,0.1251
case14limit,S2 Sec 4.4,newton homotopy,False,12,0.1191
case14limit,S3 Sec 4.4,paper,False,12,0.1226
case14limit,S3 Sec 4.4,adaptive,False,12,0.1155
case14limit,S3 Sec 4.4,PC,True,13,0.1441
case14limit,S3 Sec 4.4,PC + adaptive,True,13,0.1269
case14limit,S3 Sec 4.4,OM,True,10,0.1094
case14limit,S3 Sec 4.4,OM + adaptive,True,10,0.1038
case14limit,S3 Sec 4.4,OM + PC,True,11,0.1125
case14limit,S3 Sec 4.4,OM + PC + adaptive,True,11,0.1107
case14limit,S3 Sec 4.4,BE-chord,False,12,0.1199
case14limit,S3 Sec 4.4,RK4,False,15,0.1604
case14limit,S3 Sec 4.4,scaled homotopy,False,12,0.1310
case14limit,S3 Sec 4.4,newton homotopy,False,12,0.1140
case14limit,S4 weak K,paper,False,12,0.1229
case14limit,S4 weak K,adaptive,False,12,0.1304
case14limit,S4 weak K,PC,True,13,0.1288
case14limit,S4 weak K,PC + adaptive,True,13,0.1974
case14limit,S4 weak K,OM,True,10,0.1391
case14limit,S4 weak K,OM + adaptive,True,10,0.1534
case14limit,S4 weak K,OM + PC,True,10,0.1078
case14limit,S4 weak K,OM + PC + adaptive,True,10,0.1068
case14limit,S4 weak K,BE-chord,False,12,0.1227
case14limit,S4 weak K,RK4,False,15,0.1611
case14limit,S4 weak K,scaled homotopy,False,12,0.1366
case14limit,S4 weak K,newton homotopy,False,12,0.1173
case14limit,S5 strong K,paper,False,12,0.1179
case14limit,S5 strong K,adaptive,False,12,0.1302
case14limit,S5 strong K,PC,True,14,0.1384
case14limit,S5 strong K,PC + adaptive,True,14,0.1368
case14limit,S5 strong K,OM,True,9,0.1006
case14limit,S5 strong K,OM + adaptive,True,9,0.1584
case14limit,S5 strong K,OM + PC,True,11,0.1277
case14limit,S5 strong K,OM + PC + adaptive,True,11,0.1391
case14limit,S5 strong K,BE-chord,False,12,0.1170
case14limit,S5 strong K,RK4,False,15,0.1537
case14limit,S5 strong K,scaled homotopy,False,12,0.1257
case14limit,S5 strong K,newton homotopy,False,12,0.1145
case_ieee30limit,S1 paper,paper,True,10,0.1164
case_ieee30limit,S1 paper,adaptive,True,10,0.1069
case_ieee30limit,S1 paper,PC,True,11,0.1145
case_ieee30limit,S1 paper,PC + adaptive,True,11,0.1137
case_ieee30limit,S1 paper,OM,True,9,0.0982
case_ieee30limit,S1 paper,OM + adaptive,True,9,0.1051
case_ieee30limit,S1 paper,OM + PC,True,9,0.0952
case_ieee30limit,S1 paper,OM + PC + adaptive,True,9,0.0981
case_ieee30limit,S1 paper,BE-chord,True,11,0.1212
case_ieee30limit,S1 paper,RK4,False,15,0.1522
case_ieee30limit,S1 paper,scaled homotopy,True,10,0.1098
case_ieee30limit,S1 paper,newton homotopy,True,11,0.1063
case_ieee30limit,S2 Sec 4.4,paper,True,11,0.1359
case_ieee30limit,S2 Sec 4.4,adaptive,True,11,0.1173
case_ieee30limit,S2 Sec 4.4,PC,True,11,0.1232
case_ieee30limit,S2 Sec 4.4,PC + adaptive,True,11,0.1242
case_ieee30limit,S2 Sec 4.4,OM,True,9,0.1633
case_ieee30limit,S2 Sec 4.4,OM + adaptive,True,9,0.1042
case_ieee30limit,S2 Sec 4.4,OM + PC,True,9,0.0971
case_ieee30limit,S2 Sec 4.4,OM + PC + adaptive,True,9,0.0988
case_ieee30limit,S2 Sec 4.4,BE-chord,True,11,0.1123
case_ieee30limit,S2 Sec 4.4,RK4,False,15,0.1564
case_ieee30limit,S2 Sec 4.4,scaled homotopy,True,10,0.1132
case_ieee30limit,S2 Sec 4.4,newton homotopy,True,11,0.1095
case_ieee30limit,S3 Sec 4.4,paper,True,11,0.1104
case_ieee30limit,S3 Sec 4.4,adaptive,True,11,0.1389
case_ieee30limit,S3 Sec 4.4,PC,True,11,0.1119
case_ieee30limit,S3 Sec 4.4,PC + adaptive,True,11,0.1172
case_ieee30limit,S3 Sec 4.4,OM,True,9,0.1028
case_ieee30limit,S3 Sec 4.4,OM + adaptive,True,9,0.0985
case_ieee30limit,S3 Sec 4.4,OM + PC,True,9,0.0959
case_ieee30limit,S3 Sec 4.4,OM + PC + adaptive,True,9,0.0984
case_ieee30limit,S3 Sec 4.4,BE-chord,True,11,0.1132
case_ieee30limit,S3 Sec 4.4,RK4,False,15,0.1504
case_ieee30limit,S3 Sec 4.4,scaled homotopy,True,11,0.1216
case_ieee30limit,S3 Sec 4.4,newton homotopy,True,11,0.1092
case_ieee30limit,S4 weak K,paper,True,10,0.1039
case_ieee30limit,S4 weak K,adaptive,True,10,0.1090
case_ieee30limit,S4 weak K,PC,True,10,0.1047
case_ieee30limit,S4 weak K,PC + adaptive,True,10,0.1007
case_ieee30limit,S4 weak K,OM,True,9,0.0989
case_ieee30limit,S4 weak K,OM + adaptive,True,9,0.1227
case_ieee30limit,S4 weak K,OM + PC,True,8,0.0858
case_ieee30limit,S4 weak K,OM + PC + adaptive,True,8,0.1094
case_ieee30limit,S4 weak K,BE-chord,True,11,0.1122
case_ieee30limit,S4 weak K,RK4,False,15,0.1696
case_ieee30limit,S4 weak K,scaled homotopy,True,10,0.1168
case_ieee30limit,S4 weak K,newton homotopy,True,11,0.1123
case_ieee30limit,S5 strong K,paper,True,11,0.1114
case_ieee30limit,S5 strong K,adaptive,True,11,0.1221
case_ieee30limit,S5 strong K,PC,True,12,0.1337
case_ieee30limit,S5 strong K,PC + adaptive,True,12,0.1734
case_ieee30limit,S5 strong K,OM,True,9,0.0957
case_ieee30limit,S5 strong K,OM + adaptive,True,9,0.1222
case_ieee30limit,S5 strong K,OM + PC,True,10,0.1128
case_ieee30limit,S5 strong K,OM + PC + adaptive,True,10,0.1174
case_ieee30limit,S5 strong K,BE-chord,True,11,0.1756
case_ieee30limit,S5 strong K,RK4,False,15,0.1510
case_ieee30limit,S5 strong K,scaled homotopy,True,11,0.1286
case_ieee30limit,S5 strong K,newton homotopy,True,11,0.1277
case57limit,S1 paper,paper,True,11,0.1287
case57limit,S1 paper,adaptive,True,11,0.1149
case57limit,S1 paper,PC,True,11,0.1219
case57limit,S1 paper,PC + adaptive,True,11,0.1178
case57limit,S1 paper,OM,True,9,0.1075
case57limit,S1 paper,OM + adaptive,True,9,0.0966
case57limit,S1 paper,OM + PC,True,9,0.1024
case57limit,S1 paper,OM + PC + adaptive,True,9,0.1025
case57limit,S1 paper,BE-chord,True,11,0.1168
case57limit,S1 paper,RK4,False,15,0.1616
case57limit,S1 paper,scaled homotopy,True,10,0.1167
case57limit,S1 paper,newton homotopy,True,11,0.1262
case57limit,S2 Sec 4.4,paper,True,11,0.1315
case57limit,S2 Sec 4.4,adaptive,True,11,0.1195
case57limit,S2 Sec 4.4,PC,True,11,0.1195
case57limit,S2 Sec 4.4,PC + adaptive,True,11,0.1243
case57limit,S2 Sec 4.4,OM,True,9,0.0975
case57limit,S2 Sec 4.4,OM + adaptive,True,9,0.1007
case57limit,S2 Sec 4.4,OM + PC,True,9,0.1048
case57limit,S2 Sec 4.4,OM + PC + adaptive,True,9,0.1003
case57limit,S2 Sec 4.4,BE-chord,True,11,0.1234
case57limit,S2 Sec 4.4,RK4,False,15,0.1608
case57limit,S2 Sec 4.4,scaled homotopy,True,10,0.1162
case57limit,S2 Sec 4.4,newton homotopy,True,11,0.1186
case57limit,S3 Sec 4.4,paper,True,11,0.1142
case57limit,S3 Sec 4.4,adaptive,True,11,0.1172
case57limit,S3 Sec 4.4,PC,True,11,0.1392
case57limit,S3 Sec 4.4,PC + adaptive,True,11,0.1289
case57limit,S3 Sec 4.4,OM,True,9,0.1031
case57limit,S3 Sec 4.4,OM + adaptive,True,9,0.0761
case57limit,S3 Sec 4.4,OM + PC,True,9,0.0991
case57limit,S3 Sec 4.4,OM + PC + adaptive,True,9,0.0502
case57limit,S3 Sec 4.4,BE-chord,True,11,0.0645
case57limit,S3 Sec 4.4,RK4,False,15,0.1130
case57limit,S3 Sec 4.4,scaled homotopy,True,11,0.0662
case57limit,S3 Sec 4.4,newton homotopy,True,11,0.0494
case57limit,S4 weak K,paper,True,10,0.0447
case57limit,S4 weak K,adaptive,True,10,0.0378
case57limit,S4 weak K,PC,True,10,0.2349
case57limit,S4 weak K,PC + adaptive,True,10,0.0789
case57limit,S4 weak K,OM,True,9,0.0557
case57limit,S4 weak K,OM + adaptive,True,9,0.0566
case57limit,S4 weak K,OM + PC,True,8,0.0412
case57limit,S4 weak K,OM + PC + adaptive,True,8,0.0361
case57limit,S4 weak K,BE-chord,True,11,0.0471
case57limit,S4 weak K,RK4,False,15,0.0765
case57limit,S4 weak K,scaled homotopy,True,10,0.0385
case57limit,S4 weak K,newton homotopy,True,11,0.0384
case57limit,S5 strong K,paper,True,11,0.0475
case57limit,S5 strong K,adaptive,True,11,0.0434
case57limit,S5 strong K,PC,True,12,0.0477
case57limit,S5 strong K,PC + adaptive,True,12,0.0401
case57limit,S5 strong K,OM,True,9,0.0305
case57limit,S5 strong K,OM + adaptive,True,9,0.0441
case57limit,S5 strong K,OM + PC,True,10,0.0680
case57limit,S5 strong K,OM + PC + adaptive,True,10,0.0387
case57limit,S5 strong K,BE-chord,True,11,0.0408
case57limit,S5 strong K,RK4,False,15,0.0507
case57limit,S5 strong K,scaled homotopy,True,11,0.0385
case57limit,S5 strong K,newton homotopy,True,11,0.0353
case89pegaselimit,S1 paper,paper,True,11,0.0388
case89pegaselimit,S1 paper,adaptive,True,11,0.0378
case89pegaselimit,S1 paper,PC,True,11,0.0388
case89pegaselimit,S1 paper,PC + adaptive,True,11,0.0390
case89pegaselimit,S1 paper,OM,True,9,0.0321
case89pegaselimit,S1 paper,OM + adaptive,True,9,0.0328
case89pegaselimit,S1 paper,OM + PC,True,9,0.0327
case89pegaselimit,S1 paper,OM + PC + adaptive,True,9,0.0322
case89pegaselimit,S1 paper,BE-chord,True,12,0.0679
case89pegaselimit,S1 paper,RK4,False,15,0.0527
case89pegaselimit,S1 paper,scaled homotopy,True,11,712.7991
case89pegaselimit,S1 paper,newton homotopy,True,12,0.0560
case89pegaselimit,S2 Sec 4.4,paper,True,11,0.0742
case89pegaselimit,S2 Sec 4.4,adaptive,True,11,0.0490
case89pegaselimit,S2 Sec 4.4,PC,True,11,0.3045
case89pegaselimit,S2 Sec 4.4,PC + adaptive,True,11,0.1201
case89pegaselimit,S2 Sec 4.4,OM,True,9,0.0969
case89pegaselimit,S2 Sec 4.4,OM + adaptive,True,9,0.0810
case89pegaselimit,S2 Sec 4.4,OM + PC,True,9,0.2665
case89pegaselimit,S2 Sec 4.4,OM + PC + adaptive,True,9,0.5880
case89pegaselimit,S2 Sec 4.4,BE-chord,True,12,0.4491
case89pegaselimit,S2 Sec 4.4,RK4,False,15,0.3582
case89pegaselimit,S2 Sec 4.4,scaled homotopy,True,11,0.1399
case89pegaselimit,S2 Sec 4.4,newton homotopy,True,12,0.1428
case89pegaselimit,S3 Sec 4.4,paper,True,11,0.0667
case89pegaselimit,S3 Sec 4.4,adaptive,True,11,0.0690
case89pegaselimit,S3 Sec 4.4,PC,True,11,0.1244
case89pegaselimit,S3 Sec 4.4,PC + adaptive,True,11,0.1875
case89pegaselimit,S3 Sec 4.4,OM,True,9,0.1750
case89pegaselimit,S3 Sec 4.4,OM + adaptive,True,9,0.0968
case89pegaselimit,S3 Sec 4.4,OM + PC,True,9,0.0608
case89pegaselimit,S3 Sec 4.4,OM + PC + adaptive,True,9,0.0582
case89pegaselimit,S3 Sec 4.4,BE-chord,True,12,0.1498
case89pegaselimit,S3 Sec 4.4,RK4,False,15,0.0888
case89pegaselimit,S3 Sec 4.4,scaled homotopy,True,11,0.2189
case89pegaselimit,S3 Sec 4.4,newton homotopy,True,12,0.1122
case89pegaselimit,S4 weak K,paper,True,11,0.0887
case89pegaselimit,S4 weak K,adaptive,True,11,0.1112
case89pegaselimit,S4 weak K,PC,True,11,0.0861
case89pegaselimit,S4 weak K,PC + adaptive,True,11,0.0674
case89pegaselimit,S4 weak K,OM,True,9,0.0478
case89pegaselimit,S4 weak K,OM + adaptive,True,9,0.0426
case89pegaselimit,S4 weak K,OM + PC,True,9,0.0422
case89pegaselimit,S4 weak K,OM + PC + adaptive,True,9,0.0421
case89pegaselimit,S4 weak K,BE-chord,True,12,0.0591
case89pegaselimit,S4 weak K,RK4,False,15,0.0667
case89pegaselimit,S4 weak K,scaled homotopy,True,11,0.0488
case89pegaselimit,S4 weak K,newton homotopy,True,12,0.0491
case89pegaselimit,S5 strong K,paper,True,11,0.0490
case89pegaselimit,S5 strong K,adaptive,True,11,0.0448
case89pegaselimit,S5 strong K,PC,True,11,0.0444
case89pegaselimit,S5 strong K,PC + adaptive,True,11,0.0527
case89pegaselimit,S5 strong K,OM,True,9,0.0395
case89pegaselimit,S5 strong K,OM + adaptive,True,9,0.0516
case89pegaselimit,S5 strong K,OM + PC,True,9,0.0574
case89pegaselimit,S5 strong K,OM + PC + adaptive,True,9,0.0619
case89pegaselimit,S5 strong K,BE-chord,True,11,0.0619
case89pegaselimit,S5 strong K,RK4,False,15,0.0852
case89pegaselimit,S5 strong K,scaled homotopy,True,11,0.0508
case89pegaselimit,S5 strong K,newton homotopy,True,12,0.0572
case118limit,S1 paper,paper,True,10,0.0421
case118limit,S1 paper,adaptive,True,10,0.0198
case118limit,S1 paper,PC,True,11,0.0203
case118limit,S1 paper,PC + adaptive,True,11,0.0182
case118limit,S1 paper,OM,True,9,0.0156
case118limit,S1 paper,OM + adaptive,True,9,0.0159
case118limit,S1 paper,OM + PC,True,9,0.0154
case118limit,S1 paper,OM + PC + adaptive,True,9,0.0150
case118limit,S1 paper,BE-chord,True,11,0.0172
case118limit,S1 paper,RK4,False,15,0.0240
case118limit,S1 paper,scaled homotopy,True,10,0.0173
case118limit,S1 paper,newton homotopy,True,11,0.0173
case118limit,S2 Sec 4.4,paper,True,10,0.0193
case118limit,S2 Sec 4.4,adaptive,True,10,0.0176
case118limit,S2 Sec 4.4,PC,True,11,0.0188
case118limit,S2 Sec 4.4,PC + adaptive,True,11,0.0215
case118limit,S2 Sec 4.4,OM,True,9,0.0208
case118limit,S2 Sec 4.4,OM + adaptive,True,9,0.0169
case118limit,S2 Sec 4.4,OM + PC,True,9,0.0156
case118limit,S2 Sec 4.4,OM + PC + adaptive,True,9,0.0157
case118limit,S2 Sec 4.4,BE-chord,True,11,0.0178
case118limit,S2 Sec 4.4,RK4,False,15,0.0257
case118limit,S2 Sec 4.4,scaled homotopy,True,10,0.0169
case118limit,S2 Sec 4.4,newton homotopy,True,11,0.0176
case118limit,S3 Sec 4.4,paper,True,10,0.0156
case118limit,S3 Sec 4.4,adaptive,True,10,0.0156
case118limit,S3 Sec 4.4,PC,True,11,0.0168
case118limit,S3 Sec 4.4,PC + adaptive,True,11,0.0184
case118limit,S3 Sec 4.4,OM,True,9,0.0155
case118limit,S3 Sec 4.4,OM + adaptive,True,9,0.0156
case118limit,S3 Sec 4.4,OM + PC,True,9,0.0146
case118limit,S3 Sec 4.4,OM + PC + adaptive,True,9,0.0147
case118limit,S3 Sec 4.4,BE-chord,True,11,0.0165
case118limit,S3 Sec 4.4,RK4,True,13,0.0201
case118limit,S3 Sec 4.4,scaled homotopy,True,10,0.0171
case118limit,S3 Sec 4.4,newton homotopy,True,11,0.0160
case118limit,S4 weak K,paper,True,10,0.0179
case118limit,S4 weak K,adaptive,True,10,0.0176
case118limit,S4 weak K,PC,True,10,0.0163
case118limit,S4 weak K,PC + adaptive,True,10,0.0189
case118limit,S4 weak K,OM,True,8,0.0152
case118limit,S4 weak K,OM + adaptive,True,8,0.0133
case118limit,S4 weak K,OM + PC,True,8,0.0142
case118limit,S4 weak K,OM + PC + adaptive,True,8,0.0127
case118limit,S4 weak K,BE-chord,True,11,0.0193
case118limit,S4 weak K,RK4,False,15,0.0276
case118limit,S4 weak K,scaled homotopy,True,10,0.0182
case118limit,S4 weak K,newton homotopy,True,11,0.0175
case118limit,S5 strong K,paper,True,11,0.0191
case118limit,S5 strong K,adaptive,True,19,0.0338
case118limit,S5 strong K,PC,True,12,0.0193
case118limit,S5 strong K,PC + adaptive,True,40,0.0687
case118limit,S5 strong K,OM,True,9,0.0157
case118limit,S5 strong K,OM + adaptive,True,17,0.0299
case118limit,S5 strong K,OM + PC,True,10,0.0179
case118limit,S5 strong K,OM + PC + adaptive,True,39,0.0643
case118limit,S5 strong K,BE-chord,True,11,0.0165
case118limit,S5 strong K,RK4,False,15,0.0234
case118limit,S5 strong K,scaled homotopy,True,11,0.0186
case118limit,S5 strong K,newton homotopy,True,11,0.0186
case300limit,S1 paper,paper,True,10,0.0218
case300limit,S1 paper,adaptive,True,10,0.0198
case300limit,S1 paper,PC,True,11,0.0224
case300limit,S1 paper,PC + adaptive,True,11,0.0238
case300limit,S1 paper,OM,True,8,0.0201
case300limit,S1 paper,OM + adaptive,True,8,0.0184
case300limit,S1 paper,OM + PC,True,9,0.0210
case300limit,S1 paper,OM + PC + adaptive,True,9,0.0200
case300limit,S1 paper,BE-chord,True,11,0.0233
case300limit,S1 paper,RK4,False,15,0.0351
case300limit,S1 paper,scaled homotopy,True,10,0.0286
case300limit,S1 paper,newton homotopy,True,11,0.0241
case300limit,S2 Sec 4.4,paper,True,10,0.0203
case300limit,S2 Sec 4.4,adaptive,True,10,0.0201
case300limit,S2 Sec 4.4,PC,True,11,0.0257
case300limit,S2 Sec 4.4,PC + adaptive,True,11,0.0234
case300limit,S2 Sec 4.4,OM,True,8,0.0188
case300limit,S2 Sec 4.4,OM + adaptive,True,8,0.0199
case300limit,S2 Sec 4.4,OM + PC,True,9,0.0208
case300limit,S2 Sec 4.4,OM + PC + adaptive,True,9,0.0204
case300limit,S2 Sec 4.4,BE-chord,True,11,0.0242
case300limit,S2 Sec 4.4,RK4,False,15,0.0323
case300limit,S2 Sec 4.4,scaled homotopy,True,10,0.0211
case300limit,S2 Sec 4.4,newton homotopy,True,11,0.0215
case300limit,S3 Sec 4.4,paper,True,10,0.0197
case300limit,S3 Sec 4.4,adaptive,True,10,0.0194
case300limit,S3 Sec 4.4,PC,True,11,0.0214
case300limit,S3 Sec 4.4,PC + adaptive,True,11,0.0214
case300limit,S3 Sec 4.4,OM,True,8,0.0166
case300limit,S3 Sec 4.4,OM + adaptive,True,8,0.0173
case300limit,S3 Sec 4.4,OM + PC,True,9,0.0196
case300limit,S3 Sec 4.4,OM + PC + adaptive,True,9,0.0200
case300limit,S3 Sec 4.4,BE-chord,True,11,0.0218
case300limit,S3 Sec 4.4,RK4,False,15,0.0302
case300limit,S3 Sec 4.4,scaled homotopy,True,10,0.0209
case300limit,S3 Sec 4.4,newton homotopy,True,11,0.0215
case300limit,S4 weak K,paper,True,10,0.0202
case300limit,S4 weak K,adaptive,True,10,0.0221
case300limit,S4 weak K,PC,True,10,0.0214
case300limit,S4 weak K,PC + adaptive,True,10,0.0232
case300limit,S4 weak K,OM,True,8,0.0175
case300limit,S4 weak K,OM + adaptive,True,8,0.0176
case300limit,S4 weak K,OM + PC,True,8,0.0176
case300limit,S4 weak K,OM + PC + adaptive,True,8,0.0190
case300limit,S4 weak K,BE-chord,True,11,0.0252
case300limit,S4 weak K,RK4,False,15,0.0321
case300limit,S4 weak K,scaled homotopy,True,10,0.0209
case300limit,S4 weak K,newton homotopy,True,11,0.0225
case300limit,S5 strong K,paper,True,10,0.0196
case300limit,S5 strong K,adaptive,True,10,0.0207
case300limit,S5 strong K,PC,True,11,0.0267
case300limit,S5 strong K,PC + adaptive,True,20,0.0405
case300limit,S5 strong K,OM,True,9,0.0182
case300limit,S5 strong K,OM + adaptive,True,9,0.0186
case300limit,S5 strong K,OM + PC,True,9,0.0184
case300limit,S5 strong K,OM + PC + adaptive,True,19,0.0385
case300limit,S5 strong K,BE-chord,True,11,0.0215
case300limit,S5 strong K,RK4,False,15,0.0299
case300limit,S5 strong K,scaled homotopy,True,10,0.0210
case300limit,S5 strong K,newton homotopy,True,11,0.0214
case1354pegaselimit,S1 paper,paper,True,12,0.0572
case1354pegaselimit,S1 paper,adaptive,True,12,0.0606
case1354pegaselimit,S1 paper,PC,True,12,0.0572
case1354pegaselimit,S1 paper,PC + adaptive,True,12,0.0588
case1354pegaselimit,S1 paper,OM,True,9,0.0443
case1354pegaselimit,S1 paper,OM + adaptive,True,9,0.0443
case1354pegaselimit,S1 paper,OM + PC,True,10,0.0484
case1354pegaselimit,S1 paper,OM + PC + adaptive,True,10,0.0487
case1354pegaselimit,S1 paper,BE-chord,True,12,0.0591
case1354pegaselimit,S1 paper,RK4,False,15,0.0785
case1354pegaselimit,S1 paper,scaled homotopy,True,12,0.0610
case1354pegaselimit,S1 paper,newton homotopy,True,12,0.0563
case1354pegaselimit,S2 Sec 4.4,paper,True,12,0.0567
case1354pegaselimit,S2 Sec 4.4,adaptive,True,12,0.0581
case1354pegaselimit,S2 Sec 4.4,PC,True,12,0.0582
case1354pegaselimit,S2 Sec 4.4,PC + adaptive,True,12,0.0614
case1354pegaselimit,S2 Sec 4.4,OM,True,9,0.0474
case1354pegaselimit,S2 Sec 4.4,OM + adaptive,True,9,0.0466
case1354pegaselimit,S2 Sec 4.4,OM + PC,True,10,0.0543
case1354pegaselimit,S2 Sec 4.4,OM + PC + adaptive,True,10,0.0511
case1354pegaselimit,S2 Sec 4.4,BE-chord,True,12,0.0574
case1354pegaselimit,S2 Sec 4.4,RK4,False,15,0.0766
case1354pegaselimit,S2 Sec 4.4,scaled homotopy,True,12,0.0635
case1354pegaselimit,S2 Sec 4.4,newton homotopy,True,12,0.0595
case1354pegaselimit,S3 Sec 4.4,paper,True,12,0.0579
case1354pegaselimit,S3 Sec 4.4,adaptive,True,12,0.0584
case1354pegaselimit,S3 Sec 4.4,PC,True,12,0.0564
case1354pegaselimit,S3 Sec 4.4,PC + adaptive,True,12,0.0563
case1354pegaselimit,S3 Sec 4.4,OM,True,10,0.0514
case1354pegaselimit,S3 Sec 4.4,OM + adaptive,True,10,0.0497
case1354pegaselimit,S3 Sec 4.4,OM + PC,True,10,0.0514
case1354pegaselimit,S3 Sec 4.4,OM + PC + adaptive,True,10,0.0485
case1354pegaselimit,S3 Sec 4.4,BE-chord,True,12,0.0625
case1354pegaselimit,S3 Sec 4.4,RK4,False,15,0.0781
case1354pegaselimit,S3 Sec 4.4,scaled homotopy,True,12,0.0631
case1354pegaselimit,S3 Sec 4.4,newton homotopy,True,12,0.0594
case1354pegaselimit,S4 weak K,paper,True,11,0.0558
case1354pegaselimit,S4 weak K,adaptive,True,11,0.0574
case1354pegaselimit,S4 weak K,PC,True,12,0.0630
case1354pegaselimit,S4 weak K,PC + adaptive,True,12,0.0630
case1354pegaselimit,S4 weak K,OM,True,9,0.0458
case1354pegaselimit,S4 weak K,OM + adaptive,True,9,0.0473
case1354pegaselimit,S4 weak K,OM + PC,True,10,0.0528
case1354pegaselimit,S4 weak K,OM + PC + adaptive,True,10,0.0500
case1354pegaselimit,S4 weak K,BE-chord,True,12,0.0606
case1354pegaselimit,S4 weak K,RK4,False,15,0.0788
case1354pegaselimit,S4 weak K,scaled homotopy,True,11,0.0587
case1354pegaselimit,S4 weak K,newton homotopy,True,12,0.0569
case1354pegaselimit,S5 strong K,paper,True,12,0.0577
case1354pegaselimit,S5 strong K,adaptive,True,12,0.0590
case1354pegaselimit,S5 strong K,PC,True,13,0.0655
case1354pegaselimit,S5 strong K,PC + adaptive,True,55,0.2789
case1354pegaselimit,S5 strong K,OM,True,10,0.0527
case1354pegaselimit,S5 strong K,OM + adaptive,True,10,0.0502
case1354pegaselimit,S5 strong K,OM + PC,True,11,0.0564
case1354pegaselimit,S5 strong K,OM + PC + adaptive,True,55,0.2813
case1354pegaselimit,S5 strong K,BE-chord,True,12,0.0601
case1354pegaselimit,S5 strong K,RK4,False,15,0.0813
case1354pegaselimit,S5 strong K,scaled homotopy,True,12,0.0633
case1354pegaselimit,S5 strong K,newton homotopy,True,12,0.0606
case2383wplimit,S1 paper,paper,True,10,0.0910
case2383wplimit,S1 paper,adaptive,True,10,0.0891
case2383wplimit,S1 paper,PC,True,11,0.0889
case2383wplimit,S1 paper,PC + adaptive,True,19,0.1699
case2383wplimit,S1 paper,OM,True,9,0.0747
case2383wplimit,S1 paper,OM + adaptive,True,9,0.0764
case2383wplimit,S1 paper,OM + PC,True,10,0.0826
case2383wplimit,S1 paper,OM + PC + adaptive,True,18,0.1525
case2383wplimit,S1 paper,BE-chord,True,11,0.0920
case2383wplimit,S1 paper,RK4,False,15,0.1349
case2383wplimit,S1 paper,scaled homotopy,True,10,0.0820
case2383wplimit,S1 paper,newton homotopy,True,11,0.0872
case2383wplimit,S2 Sec 4.4,paper,True,10,0.0799
case2383wplimit,S2 Sec 4.4,adaptive,True,10,0.0780
case2383wplimit,S2 Sec 4.4,PC,True,11,0.0853
case2383wplimit,S2 Sec 4.4,PC + adaptive,True,14,0.1104
case2383wplimit,S2 Sec 4.4,OM,True,9,0.0805
case2383wplimit,S2 Sec 4.4,OM + adaptive,True,9,0.0813
case2383wplimit,S2 Sec 4.4,OM + PC,True,10,0.0861
case2383wplimit,S2 Sec 4.4,OM + PC + adaptive,True,13,0.1099
case2383wplimit,S2 Sec 4.4,BE-chord,True,11,0.0910
case2383wplimit,S2 Sec 4.4,RK4,False,15,0.1365
case2383wplimit,S2 Sec 4.4,scaled homotopy,True,10,0.0926
case2383wplimit,S2 Sec 4.4,newton homotopy,True,11,0.0955
case2383wplimit,S3 Sec 4.4,paper,True,10,0.1325
case2383wplimit,S3 Sec 4.4,adaptive,True,10,0.0874
case2383wplimit,S3 Sec 4.4,PC,True,11,0.0959
case2383wplimit,S3 Sec 4.4,PC + adaptive,True,11,0.1031
case2383wplimit,S3 Sec 4.4,OM,True,9,0.0744
case2383wplimit,S3 Sec 4.4,OM + adaptive,True,9,0.0789
case2383wplimit,S3 Sec 4.4,OM + PC,True,10,0.0785
case2383wplimit,S3 Sec 4.4,OM + PC + adaptive,True,10,0.0884
case2383wplimit,S3 Sec 4.4,BE-chord,True,11,0.0931
case2383wplimit,S3 Sec 4.4,RK4,False,15,0.1402
case2383wplimit,S3 Sec 4.4,scaled homotopy,True,11,0.0955
case2383wplimit,S3 Sec 4.4,newton homotopy,True,11,0.0936
case2383wplimit,S4 weak K,paper,True,10,0.0879
case2383wplimit,S4 weak K,adaptive,True,10,0.0872
case2383wplimit,S4 weak K,PC,True,10,0.1033
case2383wplimit,S4 weak K,PC + adaptive,True,10,0.0879
case2383wplimit,S4 weak K,OM,True,9,0.0758
case2383wplimit,S4 weak K,OM + adaptive,True,9,0.0759
case2383wplimit,S4 weak K,OM + PC,True,9,0.0795
case2383wplimit,S4 weak K,OM + PC + adaptive,True,9,0.0787
case2383wplimit,S4 weak K,BE-chord,True,11,0.0980
case2383wplimit,S4 weak K,RK4,False,15,0.1380
case2383wplimit,S4 weak K,scaled homotopy,True,10,0.0921
case2383wplimit,S4 weak K,newton homotopy,True,11,0.0880
case2383wplimit,S5 strong K,paper,True,11,0.0866
case2383wplimit,S5 strong K,adaptive,False,8,0.0634
case2383wplimit,S5 strong K,PC,True,12,0.0973
case2383wplimit,S5 strong K,PC + adaptive,True,59,0.4731
case2383wplimit,S5 strong K,OM,True,9,0.0713
case2383wplimit,S5 strong K,OM + adaptive,False,8,0.0627
case2383wplimit,S5 strong K,OM + PC,True,10,0.0797
case2383wplimit,S5 strong K,OM + PC + adaptive,True,59,0.4876
case2383wplimit,S5 strong K,BE-chord,True,11,0.0871
case2383wplimit,S5 strong K,RK4,False,15,0.1244
case2383wplimit,S5 strong K,scaled homotopy,True,11,0.0907
case2383wplimit,S5 strong K,newton homotopy,True,11,0.0912
case2736splimit,S1 paper,paper,False,12,0.1059
case2736splimit,S1 paper,adaptive,False,12,0.1073
case2736splimit,S1 paper,PC,True,13,0.1157
case2736splimit,S1 paper,PC + adaptive,True,13,0.1146
case2736splimit,S1 paper,OM,True,11,0.0979
case2736splimit,S1 paper,OM + adaptive,True,11,0.0998
case2736splimit,S1 paper,OM + PC,True,9,0.0850
case2736splimit,S1 paper,OM + PC + adaptive,True,9,0.0813
case2736splimit,S1 paper,BE-chord,False,12,0.1070
case2736splimit,S1 paper,RK4,False,15,0.1483
case2736splimit,S1 paper,scaled homotopy,False,12,0.1064
case2736splimit,S1 paper,newton homotopy,False,12,0.1038
case2736splimit,S2 Sec 4.4,paper,False,12,0.1081
case2736splimit,S2 Sec 4.4,adaptive,False,12,0.1067
case2736splimit,S2 Sec 4.4,PC,True,13,0.1144
case2736splimit,S2 Sec 4.4,PC + adaptive,True,13,0.1162
case2736splimit,S2 Sec 4.4,OM,True,11,0.1141
case2736splimit,S2 Sec 4.4,OM + adaptive,True,11,0.1065
case2736splimit,S2 Sec 4.4,OM + PC,True,10,0.0926
case2736splimit,S2 Sec 4.4,OM + PC + adaptive,True,10,0.0936
case2736splimit,S2 Sec 4.4,BE-chord,False,12,0.1105
case2736splimit,S2 Sec 4.4,RK4,False,15,0.1471
case2736splimit,S2 Sec 4.4,scaled homotopy,False,12,0.1120
case2736splimit,S2 Sec 4.4,newton homotopy,False,12,0.1175
case2736splimit,S3 Sec 4.4,paper,False,12,0.1070
case2736splimit,S3 Sec 4.4,adaptive,False,12,0.1075
case2736splimit,S3 Sec 4.4,PC,True,13,0.1150
case2736splimit,S3 Sec 4.4,PC + adaptive,True,13,0.1167
case2736splimit,S3 Sec 4.4,OM,True,11,0.0975
case2736splimit,S3 Sec 4.4,OM + adaptive,True,11,0.0991
case2736splimit,S3 Sec 4.4,OM + PC,True,10,0.0879
case2736splimit,S3 Sec 4.4,OM + PC + adaptive,True,10,0.0868
case2736splimit,S3 Sec 4.4,BE-chord,False,12,0.1064
case2736splimit,S3 Sec 4.4,RK4,False,15,0.1547
case2736splimit,S3 Sec 4.4,scaled homotopy,False,12,0.1066
case2736splimit,S3 Sec 4.4,newton homotopy,False,12,0.1070
case2736splimit,S4 weak K,paper,False,12,0.1075
case2736splimit,S4 weak K,adaptive,False,12,0.1053
case2736splimit,S4 weak K,PC,True,13,0.1165
case2736splimit,S4 weak K,PC + adaptive,True,13,0.1165
case2736splimit,S4 weak K,OM,True,11,0.1038
case2736splimit,S4 weak K,OM + adaptive,True,11,0.1016
case2736splimit,S4 weak K,OM + PC,True,10,0.0928
case2736splimit,S4 weak K,OM + PC + adaptive,True,10,0.0908
case2736splimit,S4 weak K,BE-chord,False,12,0.1072
case2736splimit,S4 weak K,RK4,False,15,0.1440
case2736splimit,S4 weak K,scaled homotopy,False,12,0.1116
case2736splimit,S4 weak K,newton homotopy,False,12,0.1077
case2736splimit,S5 strong K,paper,False,12,0.1053
case2736splimit,S5 strong K,adaptive,False,12,0.1073
case2736splimit,S5 strong K,PC,True,14,0.1212
case2736splimit,S5 strong K,PC + adaptive,True,71,0.6720
case2736splimit,S5 strong K,OM,True,11,0.0981
case2736splimit,S5 strong K,OM + adaptive,True,11,0.1003
case2736splimit,S5 strong K,OM + PC,True,12,0.1074
case2736splimit,S5 strong K,OM + PC + adaptive,True,71,0.6571
case2736splimit,S5 strong K,BE-chord,False,12,0.1094
case2736splimit,S5 strong K,RK4,False,15,0.1472
case2736splimit,S5 strong K,scaled homotopy,False,12,0.1086
case2736splimit,S5 strong K,newton homotopy,False,12,0.1050
case2737soplimit,S1 paper,paper,True,12,0.1050
case2737soplimit,S1 paper,adaptive,True,12,0.1055
case2737soplimit,S1 paper,PC,True,12,0.1031
case2737soplimit,S1 paper,PC + adaptive,True,12,0.1039
case2737soplimit,S1 paper,OM,True,10,0.0901
case2737soplimit,S1 paper,OM + adaptive,True,10,0.0904
case2737soplimit,S1 paper,OM + PC,True,10,0.0923
case2737soplimit,S1 paper,OM + PC + adaptive,True,10,0.0939
case2737soplimit,S1 paper,BE-chord,False,12,0.1120
case2737soplimit,S1 paper,RK4,False,15,0.1433
case2737soplimit,S1 paper,scaled homotopy,True,12,0.1085
case2737soplimit,S1 paper,newton homotopy,False,12,0.1048
case2737soplimit,S2 Sec 4.4,paper,True,12,0.1041
case2737soplimit,S2 Sec 4.4,adaptive,True,12,0.1019
case2737soplimit,S2 Sec 4.4,PC,True,12,0.1060
case2737soplimit,S2 Sec 4.4,PC + adaptive,True,12,0.1029
case2737soplimit,S2 Sec 4.4,OM,True,10,0.0893
case2737soplimit,S2 Sec 4.4,OM + adaptive,True,10,0.0888
case2737soplimit,S2 Sec 4.4,OM + PC,True,10,0.0878
case2737soplimit,S2 Sec 4.4,OM + PC + adaptive,True,10,0.0873
case2737soplimit,S2 Sec 4.4,BE-chord,False,12,0.1066
case2737soplimit,S2 Sec 4.4,RK4,False,15,0.1433
case2737soplimit,S2 Sec 4.4,scaled homotopy,True,12,0.1069
case2737soplimit,S2 Sec 4.4,newton homotopy,False,12,0.1057
case2737soplimit,S3 Sec 4.4,paper,True,12,0.1053
case2737soplimit,S3 Sec 4.4,adaptive,True,12,0.1044
case2737soplimit,S3 Sec 4.4,PC,True,12,0.1051
case2737soplimit,S3 Sec 4.4,PC + adaptive,True,12,0.1029
case2737soplimit,S3 Sec 4.4,OM,True,10,0.0911
case2737soplimit,S3 Sec 4.4,OM + adaptive,True,10,0.0874
case2737soplimit,S3 Sec 4.4,OM + PC,True,10,0.0897
case2737soplimit,S3 Sec 4.4,OM + PC + adaptive,True,10,0.0891
case2737soplimit,S3 Sec 4.4,BE-chord,False,12,0.1060
case2737soplimit,S3 Sec 4.4,RK4,False,15,0.1394
case2737soplimit,S3 Sec 4.4,scaled homotopy,True,12,0.1071
case2737soplimit,S3 Sec 4.4,newton homotopy,False,12,0.1031
case2737soplimit,S4 weak K,paper,True,12,0.1040
case2737soplimit,S4 weak K,adaptive,True,12,0.1034
case2737soplimit,S4 weak K,PC,True,12,0.1045
case2737soplimit,S4 weak K,PC + adaptive,True,12,0.1050
case2737soplimit,S4 weak K,OM,True,10,0.0963
case2737soplimit,S4 weak K,OM + adaptive,True,10,0.0926
case2737soplimit,S4 weak K,OM + PC,True,10,0.0924
case2737soplimit,S4 weak K,OM + PC + adaptive,True,10,0.0908
case2737soplimit,S4 weak K,BE-chord,False,12,0.1102
case2737soplimit,S4 weak K,RK4,False,15,0.1482
case2737soplimit,S4 weak K,scaled homotopy,True,12,0.1102
case2737soplimit,S4 weak K,newton homotopy,False,12,0.1025
case2737soplimit,S5 strong K,paper,True,12,0.1049
case2737soplimit,S5 strong K,adaptive,True,12,0.1046
case2737soplimit,S5 strong K,PC,True,13,0.1120
case2737soplimit,S5 strong K,PC + adaptive,True,59,0.5211
case2737soplimit,S5 strong K,OM,True,10,0.0886
case2737soplimit,S5 strong K,OM + adaptive,True,10,0.0882
case2737soplimit,S5 strong K,OM + PC,True,11,0.0963
case2737soplimit,S5 strong K,OM + PC + adaptive,True,59,0.5264
case2737soplimit,S5 strong K,BE-chord,True,12,0.1059
case2737soplimit,S5 strong K,RK4,False,15,0.1424
case2737soplimit,S5 strong K,scaled homotopy,True,12,0.1102
case2737soplimit,S5 strong K,newton homotopy,False,12,0.1048
case2746woplimit,S1 paper,paper,True,12,0.1028
case2746woplimit,S1 paper,adaptive,True,12,0.1026
case2746woplimit,S1 paper,PC,True,12,0.1046
case2746woplimit,S1 paper,PC + adaptive,True,12,0.1056
case2746woplimit,S1 paper,OM,True,10,0.0900
case2746woplimit,S1 paper,OM + adaptive,True,10,0.0892
case2746woplimit,S1 paper,OM + PC,True,10,0.0919
case2746woplimit,S1 paper,OM + PC + adaptive,True,10,0.0927
case2746woplimit,S1 paper,BE-chord,True,12,0.1028
case2746woplimit,S1 paper,RK4,False,15,0.1431
case2746woplimit,S1 paper,scaled homotopy,True,12,0.1076
case2746woplimit,S1 paper,newton homotopy,False,12,0.1032
case2746woplimit,S2 Sec 4.4,paper,True,12,0.1049
case2746woplimit,S2 Sec 4.4,adaptive,True,12,0.1029
case2746woplimit,S2 Sec 4.4,PC,True,12,0.1020
case2746woplimit,S2 Sec 4.4,PC + adaptive,True,12,0.1022
case2746woplimit,S2 Sec 4.4,OM,True,10,0.0879
case2746woplimit,S2 Sec 4.4,OM + adaptive,True,10,0.0902
case2746woplimit,S2 Sec 4.4,OM + PC,True,10,0.0891
case2746woplimit,S2 Sec 4.4,OM + PC + adaptive,True,10,0.0873
case2746woplimit,S2 Sec 4.4,BE-chord,False,12,0.1098
case2746woplimit,S2 Sec 4.4,RK4,False,15,0.1483
case2746woplimit,S2 Sec 4.4,scaled homotopy,True,12,0.1091
case2746woplimit,S2 Sec 4.4,newton homotopy,False,12,0.1066
case2746woplimit,S3 Sec 4.4,paper,True,12,0.1054
case2746woplimit,S3 Sec 4.4,adaptive,True,12,0.1036
case2746woplimit,S3 Sec 4.4,PC,True,12,0.1062
case2746woplimit,S3 Sec 4.4,PC + adaptive,True,12,0.1053
case2746woplimit,S3 Sec 4.4,OM,True,10,0.0890
case2746woplimit,S3 Sec 4.4,OM + adaptive,True,10,0.0892
case2746woplimit,S3 Sec 4.4,OM + PC,True,10,0.0938
case2746woplimit,S3 Sec 4.4,OM + PC + adaptive,True,10,0.0885
case2746woplimit,S3 Sec 4.4,BE-chord,False,12,0.1070
case2746woplimit,S3 Sec 4.4,RK4,False,15,0.1384
case2746woplimit,S3 Sec 4.4,scaled homotopy,True,12,0.1077
case2746woplimit,S3 Sec 4.4,newton homotopy,False,12,0.1017
case2746woplimit,S4 weak K,paper,True,12,0.1028
case2746woplimit,S4 weak K,adaptive,True,12,0.1039
case2746woplimit,S4 weak K,PC,True,12,0.1043
case2746woplimit,S4 weak K,PC + adaptive,True,12,0.1047
case2746woplimit,S4 weak K,OM,True,10,0.0879
case2746woplimit,S4 weak K,OM + adaptive,True,10,0.0875
case2746woplimit,S4 weak K,OM + PC,True,10,0.0870
case2746woplimit,S4 weak K,OM + PC + adaptive,True,10,0.0871
case2746woplimit,S4 weak K,BE-chord,False,12,0.1125
case2746woplimit,S4 weak K,RK4,False,15,0.1400
case2746woplimit,S4 weak K,scaled homotopy,True,12,0.1072
case2746woplimit,S4 weak K,newton homotopy,False,12,0.1018
case2746woplimit,S5 strong K,paper,True,12,0.1034
case2746woplimit,S5 strong K,adaptive,True,12,0.1021
case2746woplimit,S5 strong K,PC,True,13,0.1118
case2746woplimit,S5 strong K,PC + adaptive,True,59,0.5228
case2746woplimit,S5 strong K,OM,True,10,0.0864
case2746woplimit,S5 strong K,OM + adaptive,True,10,0.0876
case2746woplimit,S5 strong K,OM + PC,True,11,0.0965
case2746woplimit,S5 strong K,OM + PC + adaptive,True,59,0.5196
case2746woplimit,S5 strong K,BE-chord,True,12,0.1041
case2746woplimit,S5 strong K,RK4,False,15,0.1410
case2746woplimit,S5 strong K,scaled homotopy,True,12,0.1058
case2746woplimit,S5 strong K,newton homotopy,False,12,0.1011
case2746wplimit,S1 paper,paper,True,12,0.1061
case2746wplimit,S1 paper,adaptive,True,12,0.1034
case2746wplimit,S1 paper,PC,True,12,0.1037
case2746wplimit,S1 paper,PC + adaptive,True,12,0.1059
case2746wplimit,S1 paper,OM,True,10,0.0892
case2746wplimit,S1 paper,OM + adaptive,True,10,0.0875
case2746wplimit,S1 paper,OM + PC,True,10,0.0915
case2746wplimit,S1 paper,OM + PC + adaptive,True,10,0.0887
case2746wplimit,S1 paper,BE-chord,False,12,0.1040
case2746wplimit,S1 paper,RK4,False,15,0.1388
case2746wplimit,S1 paper,scaled homotopy,True,12,0.1063
case2746wplimit,S1 paper,newton homotopy,False,12,0.1013
case2746wplimit,S2 Sec 4.4,paper,True,12,0.1016
case2746wplimit,S2 Sec 4.4,adaptive,True,12,0.1000
case2746wplimit,S2 Sec 4.4,PC,True,12,0.1017
case2746wplimit,S2 Sec 4.4,PC + adaptive,True,12,0.1024
case2746wplimit,S2 Sec 4.4,OM,True,10,0.0858
case2746wplimit,S2 Sec 4.4,OM + adaptive,True,10,0.0845
case2746wplimit,S2 Sec 4.4,OM + PC,True,10,0.0867
case2746wplimit,S2 Sec 4.4,OM + PC + adaptive,True,10,0.0863
case2746wplimit,S2 Sec 4.4,BE-chord,False,12,0.1028
case2746wplimit,S2 Sec 4.4,RK4,False,15,0.1368
case2746wplimit,S2 Sec 4.4,scaled homotopy,True,12,0.1047
case2746wplimit,S2 Sec 4.4,newton homotopy,False,12,0.1007
case2746wplimit,S3 Sec 4.4,paper,True,12,0.1011
case2746wplimit,S3 Sec 4.4,adaptive,True,12,0.1005
case2746wplimit,S3 Sec 4.4,PC,True,12,0.1034
case2746wplimit,S3 Sec 4.4,PC + adaptive,True,12,0.1028
case2746wplimit,S3 Sec 4.4,OM,True,10,0.0863
case2746wplimit,S3 Sec 4.4,OM + adaptive,True,10,0.0857
case2746wplimit,S3 Sec 4.4,OM + PC,True,10,0.0883
case2746wplimit,S3 Sec 4.4,OM + PC + adaptive,True,10,0.0855
case2746wplimit,S3 Sec 4.4,BE-chord,False,12,0.1044
case2746wplimit,S3 Sec 4.4,RK4,False,15,0.1358
case2746wplimit,S3 Sec 4.4,scaled homotopy,True,12,0.1040
case2746wplimit,S3 Sec 4.4,newton homotopy,False,12,0.0992
case2746wplimit,S4 weak K,paper,True,12,0.1012
case2746wplimit,S4 weak K,adaptive,True,12,0.1015
case2746wplimit,S4 weak K,PC,True,12,0.1007
case2746wplimit,S4 weak K,PC + adaptive,True,12,0.1022
case2746wplimit,S4 weak K,OM,True,10,0.0880
case2746wplimit,S4 weak K,OM + adaptive,True,10,0.0866
case2746wplimit,S4 weak K,OM + PC,True,9,0.0791
case2746wplimit,S4 weak K,OM + PC + adaptive,True,9,0.0813
case2746wplimit,S4 weak K,BE-chord,False,12,0.1151
case2746wplimit,S4 weak K,RK4,False,15,0.1386
case2746wplimit,S4 weak K,scaled homotopy,True,12,0.1054
case2746wplimit,S4 weak K,newton homotopy,False,12,0.1022
case2746wplimit,S5 strong K,paper,True,12,0.1021
case2746wplimit,S5 strong K,adaptive,True,12,0.1023
case2746wplimit,S5 strong K,PC,True,13,0.1128
case2746wplimit,S5 strong K,PC + adaptive,True,59,0.5271
case2746wplimit,S5 strong K,OM,True,10,0.0874
case2746wplimit,S5 strong K,OM + adaptive,True,10,0.0879
case2746wplimit,S5 strong K,OM + PC,True,11,0.0963
case2746wplimit,S5 strong K,OM + PC + adaptive,True,59,0.5125
case2746wplimit,S5 strong K,BE-chord,False,12,0.1043
case2746wplimit,S5 strong K,RK4,False,15,0.1362
case2746wplimit,S5 strong K,scaled homotopy,True,12,0.1018
case2746wplimit,S5 strong K,newton homotopy,False,12,0.1046
case2869pegaselimit,S1 paper,paper,True,10,0.0921
case2869pegaselimit,S1 paper,adaptive,True,10,0.0912
case2869pegaselimit,S1 paper,PC,True,11,0.1028
case2869pegaselimit,S1 paper,PC + adaptive,True,11,0.1033
case2869pegaselimit,S1 paper,OM,True,9,0.0893
case2869pegaselimit,S1 paper,OM + adaptive,True,9,0.0866
case2869pegaselimit,S1 paper,OM + PC,True,10,0.0965
case2869pegaselimit,S1 paper,OM + PC + adaptive,True,10,0.0968
case2869pegaselimit,S1 paper,BE-chord,True,11,0.1089
case2869pegaselimit,S1 paper,RK4,False,15,0.1551
case2869pegaselimit,S1 paper,scaled homotopy,True,10,0.0989
case2869pegaselimit,S1 paper,newton homotopy,True,11,0.1054
case2869pegaselimit,S2 Sec 4.4,paper,True,10,0.0923
case2869pegaselimit,S2 Sec 4.4,adaptive,True,10,0.0948
case2869pegaselimit,S2 Sec 4.4,PC,True,11,0.1057
case2869pegaselimit,S2 Sec 4.4,PC + adaptive,True,11,0.1041
case2869pegaselimit,S2 Sec 4.4,OM,True,9,0.0890
case2869pegaselimit,S2 Sec 4.4,OM + adaptive,True,9,0.0889
case2869pegaselimit,S2 Sec 4.4,OM + PC,True,10,0.0986
case2869pegaselimit,S2 Sec 4.4,OM + PC + adaptive,True,10,0.0964
case2869pegaselimit,S2 Sec 4.4,BE-chord,True,11,0.1073
case2869pegaselimit,S2 Sec 4.4,RK4,False,15,0.1561
case2869pegaselimit,S2 Sec 4.4,scaled homotopy,True,10,0.0976
case2869pegaselimit,S2 Sec 4.4,newton homotopy,True,11,0.1033
case2869pegaselimit,S3 Sec 4.4,paper,True,10,0.0967
case2869pegaselimit,S3 Sec 4.4,adaptive,True,10,0.0954
case2869pegaselimit,S3 Sec 4.4,PC,True,11,0.1044
case2869pegaselimit,S3 Sec 4.4,PC + adaptive,True,11,0.1076
case2869pegaselimit,S3 Sec 4.4,OM,True,9,0.0864
case2869pegaselimit,S3 Sec 4.4,OM + adaptive,True,9,0.0879
case2869pegaselimit,S3 Sec 4.4,OM + PC,True,10,0.0974
case2869pegaselimit,S3 Sec 4.4,OM + PC + adaptive,True,10,0.1014
case2869pegaselimit,S3 Sec 4.4,BE-chord,True,11,0.1116
case2869pegaselimit,S3 Sec 4.4,RK4,False,15,0.1554
case2869pegaselimit,S3 Sec 4.4,scaled homotopy,True,10,0.1027
case2869pegaselimit,S3 Sec 4.4,newton homotopy,True,11,0.1125
case2869pegaselimit,S4 weak K,paper,True,10,0.0967
case2869pegaselimit,S4 weak K,adaptive,True,10,0.0941
case2869pegaselimit,S4 weak K,PC,True,10,0.0974
case2869pegaselimit,S4 weak K,PC + adaptive,True,10,0.0974
case2869pegaselimit,S4 weak K,OM,True,9,0.0864
case2869pegaselimit,S4 weak K,OM + adaptive,True,9,0.0911
case2869pegaselimit,S4 weak K,OM + PC,True,9,0.0879
case2869pegaselimit,S4 weak K,OM + PC + adaptive,True,9,0.0875
case2869pegaselimit,S4 weak K,BE-chord,True,11,0.1094
case2869pegaselimit,S4 weak K,RK4,False,15,0.1557
case2869pegaselimit,S4 weak K,scaled homotopy,True,10,0.1017
case2869pegaselimit,S4 weak K,newton homotopy,True,11,0.1043
case2869pegaselimit,S5 strong K,paper,True,10,0.0953
case2869pegaselimit,S5 strong K,adaptive,True,10,0.0935
case2869pegaselimit,S5 strong K,PC,True,11,0.1017
case2869pegaselimit,S5 strong K,PC + adaptive,True,47,0.4530
case2869pegaselimit,S5 strong K,OM,True,9,0.0871
case2869pegaselimit,S5 strong K,OM + adaptive,True,9,0.0906
case2869pegaselimit,S5 strong K,OM + PC,True,10,0.0957
case2869pegaselimit,S5 strong K,OM + PC + adaptive,True,47,0.4537
case2869pegaselimit,S5 strong K,BE-chord,True,11,0.1072
case2869pegaselimit,S5 strong K,RK4,False,15,0.1531
case2869pegaselimit,S5 strong K,scaled homotopy,True,10,0.1002
case2869pegaselimit,S5 strong K,newton homotopy,True,11,0.1026
case3012wplimit,S1 paper,paper,True,12,0.1187
case3012wplimit,S1 paper,adaptive,True,19,0.1934
case3012wplimit,S1 paper,PC,True,11,0.1081
case3012wplimit,S1 paper,PC + adaptive,True,11,0.1093
case3012wplimit,S1 paper,OM,True,11,0.1086
case3012wplimit,S1 paper,OM + adaptive,True,18,0.1831
case3012wplimit,S1 paper,OM + PC,True,10,0.1013
case3012wplimit,S1 paper,OM + PC + adaptive,True,10,0.1007
case3012wplimit,S1 paper,BE-chord,False,12,0.1208
case3012wplimit,S1 paper,RK4,False,15,0.1639
case3012wplimit,S1 paper,scaled homotopy,True,12,0.1234
case3012wplimit,S1 paper,newton homotopy,False,12,0.1198
case3012wplimit,S2 Sec 4.4,paper,True,12,0.1224
case3012wplimit,S2 Sec 4.4,adaptive,True,14,0.1470
case3012wplimit,S2 Sec 4.4,PC,True,11,0.1083
case3012wplimit,S2 Sec 4.4,PC + adaptive,True,11,0.1107
case3012wplimit,S2 Sec 4.4,OM,True,11,0.1119
case3012wplimit,S2 Sec 4.4,OM + adaptive,True,13,0.1313
case3012wplimit,S2 Sec 4.4,OM + PC,True,10,0.0987
case3012wplimit,S2 Sec 4.4,OM + PC + adaptive,True,10,0.0990
case3012wplimit,S2 Sec 4.4,BE-chord,True,12,0.1185
case3012wplimit,S2 Sec 4.4,RK4,False,15,0.1606
case3012wplimit,S2 Sec 4.4,scaled homotopy,False,12,0.1263
case3012wplimit,S2 Sec 4.4,newton homotopy,False,12,0.1239
case3012wplimit,S3 Sec 4.4,paper,False,12,0.1160
case3012wplimit,S3 Sec 4.4,adaptive,True,13,0.1282
case3012wplimit,S3 Sec 4.4,PC,True,11,0.1105
case3012wplimit,S3 Sec 4.4,PC + adaptive,True,11,0.1072
case3012wplimit,S3 Sec 4.4,OM,True,11,0.1123
case3012wplimit,S3 Sec 4.4,OM + adaptive,True,12,0.1189
case3012wplimit,S3 Sec 4.4,OM + PC,True,10,0.0986
case3012wplimit,S3 Sec 4.4,OM + PC + adaptive,True,10,0.1022
case3012wplimit,S3 Sec 4.4,BE-chord,True,12,0.1221
case3012wplimit,S3 Sec 4.4,RK4,False,15,0.1588
case3012wplimit,S3 Sec 4.4,scaled homotopy,False,12,0.1219
case3012wplimit,S3 Sec 4.4,newton homotopy,False,12,0.1218
case3012wplimit,S4 weak K,paper,False,12,0.1237
case3012wplimit,S4 weak K,adaptive,False,15,0.1508
case3012wplimit,S4 weak K,PC,False,14,0.1462
case3012wplimit,S4 weak K,PC + adaptive,False,16,0.1652
case3012wplimit,S4 weak K,OM,False,12,0.1223
case3012wplimit,S4 weak K,OM + adaptive,False,15,0.1515
case3012wplimit,S4 weak K,OM + PC,False,14,0.1425
case3012wplimit,S4 weak K,OM + PC + adaptive,False,16,0.1680
case3012wplimit,S4 weak K,BE-chord,False,12,0.1299
case3012wplimit,S4 weak K,RK4,False,15,0.1599
case3012wplimit,S4 weak K,scaled homotopy,False,12,0.1246
case3012wplimit,S4 weak K,newton homotopy,False,12,0.1206
case3012wplimit,S5 strong K,paper,True,11,0.1081
case3012wplimit,S5 strong K,adaptive,True,11,0.1114
case3012wplimit,S5 strong K,PC,True,12,0.1200
case3012wplimit,S5 strong K,PC + adaptive,True,12,0.1199
case3012wplimit,S5 strong K,OM,True,9,0.0916
case3012wplimit,S5 strong K,OM + adaptive,True,9,0.0932
case3012wplimit,S5 strong K,OM + PC,True,9,0.0951
case3012wplimit,S5 strong K,OM + PC + adaptive,True,9,0.0928
case3012wplimit,S5 strong K,BE-chord,True,12,0.1205
case3012wplimit,S5 strong K,RK4,False,15,0.1652
case3012wplimit,S5 strong K,scaled homotopy,True,11,0.1127
case3012wplimit,S5 strong K,newton homotopy,False,12,0.1194
case3120splimit,S1 paper,paper,True,12,0.1205
case3120splimit,S1 paper,adaptive,True,12,0.1189
case3120splimit,S1 paper,PC,True,12,0.1205
case3120splimit,S1 paper,PC + adaptive,True,12,0.1214
case3120splimit,S1 paper,OM,True,10,0.0978
case3120splimit,S1 paper,OM + adaptive,True,10,0.0986
case3120splimit,S1 paper,OM + PC,True,10,0.1024
case3120splimit,S1 paper,OM + PC + adaptive,True,10,0.1048
case3120splimit,S1 paper,BE-chord,False,12,0.1218
case3120splimit,S1 paper,RK4,False,15,0.1659
case3120splimit,S1 paper,scaled homotopy,True,12,0.1227
case3120splimit,S1 paper,newton homotopy,False,12,0.1167
case3120splimit,S2 Sec 4.4,paper,True,12,0.1207
case3120splimit,S2 Sec 4.4,adaptive,True,12,0.1217
case3120splimit,S2 Sec 4.4,PC,True,12,0.1187
case3120splimit,S2 Sec 4.4,PC + adaptive,True,12,0.1211
case3120splimit,S2 Sec 4.4,OM,True,10,0.1003
case3120splimit,S2 Sec 4.4,OM + adaptive,True,10,0.0991
case3120splimit,S2 Sec 4.4,OM + PC,True,10,0.1016
case3120splimit,S2 Sec 4.4,OM + PC + adaptive,True,10,0.1000
case3120splimit,S2 Sec 4.4,BE-chord,False,12,0.1191
case3120splimit,S2 Sec 4.4,RK4,False,15,0.1607
case3120splimit,S2 Sec 4.4,scaled homotopy,True,12,0.1205
case3120splimit,S2 Sec 4.4,newton homotopy,False,12,0.1170
case3120splimit,S3 Sec 4.4,paper,True,12,0.1199
case3120splimit,S3 Sec 4.4,adaptive,True,12,0.1234
case3120splimit,S3 Sec 4.4,PC,True,12,0.1235
case3120splimit,S3 Sec 4.4,PC + adaptive,True,12,0.1213
case3120splimit,S3 Sec 4.4,OM,True,10,0.0997
case3120splimit,S3 Sec 4.4,OM + adaptive,True,10,0.0986
case3120splimit,S3 Sec 4.4,OM + PC,True,10,0.1015
case3120splimit,S3 Sec 4.4,OM + PC + adaptive,True,10,0.1057
case3120splimit,S3 Sec 4.4,BE-chord,False,12,0.1226
case3120splimit,S3 Sec 4.4,RK4,False,15,0.1656
case3120splimit,S3 Sec 4.4,scaled homotopy,True,12,0.1272
case3120splimit,S3 Sec 4.4,newton homotopy,False,12,0.1194
case3120splimit,S4 weak K,paper,True,12,0.1225
case3120splimit,S4 weak K,adaptive,True,12,0.1206
case3120splimit,S4 weak K,PC,True,12,0.1188
case3120splimit,S4 weak K,PC + adaptive,True,12,0.1210
case3120splimit,S4 weak K,OM,True,10,0.1018
case3120splimit,S4 weak K,OM + adaptive,True,10,0.0986
case3120splimit,S4 weak K,OM + PC,True,10,0.0999
case3120splimit,S4 weak K,OM + PC + adaptive,True,10,0.1041
case3120splimit,S4 weak K,BE-chord,False,12,0.1212
case3120splimit,S4 weak K,RK4,False,15,0.1679
case3120splimit,S4 weak K,scaled homotopy,True,12,0.1213
case3120splimit,S4 weak K,newton homotopy,False,12,0.1155
case3120splimit,S5 strong K,paper,True,12,0.1200
case3120splimit,S5 strong K,adaptive,True,12,0.1177
case3120splimit,S5 strong K,PC,True,13,0.1288
case3120splimit,S5 strong K,PC + adaptive,True,22,0.2204
case3120splimit,S5 strong K,OM,True,10,0.0997
case3120splimit,S5 strong K,OM + adaptive,True,10,0.0989
case3120splimit,S5 strong K,OM + PC,True,10,0.1016
case3120splimit,S5 strong K,OM + PC + adaptive,True,20,0.2037
case3120splimit,S5 strong K,BE-chord,False,12,0.1231
case3120splimit,S5 strong K,RK4,False,15,0.1572
case3120splimit,S5 strong K,scaled homotopy,True,12,0.1219
case3120splimit,S5 strong K,newton homotopy,False,12,0.1193
case3375wplimit,S1 paper,paper,True,12,0.1299
case3375wplimit,S1 paper,adaptive,True,12,0.1320
case3375wplimit,S1 paper,PC,True,11,0.1210
case3375wplimit,S1 paper,PC + adaptive,True,11,0.1191
case3375wplimit,S1 paper,OM,True,10,0.1102
case3375wplimit,S1 paper,OM + adaptive,True,10,0.1096
case3375wplimit,S1 paper,OM + PC,True,9,0.0995
case3375wplimit,S1 paper,OM + PC + adaptive,True,9,0.0993
case3375wplimit,S1 paper,BE-chord,True,12,0.1328
case3375wplimit,S1 paper,RK4,False,15,0.1749
case3375wplimit,S1 paper,scaled homotopy,True,12,0.1307
case3375wplimit,S1 paper,newton homotopy,False,12,0.1324
case3375wplimit,S2 Sec 4.4,paper,True,12,0.1363
case3375wplimit,S2 Sec 4.4,adaptive,True,12,0.1317
case3375wplimit,S2 Sec 4.4,PC,True,11,0.1228
case3375wplimit,S2 Sec 4.4,PC + adaptive,True,11,0.1226
case3375wplimit,S2 Sec 4.4,OM,True,11,0.1260
case3375wplimit,S2 Sec 4.4,OM + adaptive,True,11,0.1206
case3375wplimit,S2 Sec 4.4,OM + PC,True,10,0.1127
case3375wplimit,S2 Sec 4.4,OM + PC + adaptive,True,10,0.1124
case3375wplimit,S2 Sec 4.4,BE-chord,True,12,0.1311
case3375wplimit,S2 Sec 4.4,RK4,False,15,0.1735
case3375wplimit,S2 Sec 4.4,scaled homotopy,False,12,0.1446
case3375wplimit,S2 Sec 4.4,newton homotopy,False,12,0.1373
case3375wplimit,S3 Sec 4.4,paper,True,12,0.1297
case3375wplimit,S3 Sec 4.4,adaptive,True,12,0.1302
case3375wplimit,S3 Sec 4.4,PC,True,11,0.1182
case3375wplimit,S3 Sec 4.4,PC + adaptive,True,11,0.1243
case3375wplimit,S3 Sec 4.4,OM,True,11,0.1216
case3375wplimit,S3 Sec 4.4,OM + adaptive,True,11,0.1228
case3375wplimit,S3 Sec 4.4,OM + PC,True,10,0.1091
case3375wplimit,S3 Sec 4.4,OM + PC + adaptive,True,10,0.1128
case3375wplimit,S3 Sec 4.4,BE-chord,True,12,0.1303
case3375wplimit,S3 Sec 4.4,RK4,False,15,0.1770
case3375wplimit,S3 Sec 4.4,scaled homotopy,False,12,0.1451
case3375wplimit,S3 Sec 4.4,newton homotopy,False,12,0.1315
case3375wplimit,S4 weak K,paper,False,12,0.1323
case3375wplimit,S4 weak K,adaptive,False,12,0.1326
case3375wplimit,S4 weak K,PC,False,14,0.1610
case3375wplimit,S4 weak K,PC + adaptive,False,16,0.1760
case3375wplimit,S4 weak K,OM,False,12,0.1322
case3375wplimit,S4 weak K,OM + adaptive,False,12,0.1327
case3375wplimit,S4 weak K,OM + PC,False,14,0.1561
case3375wplimit,S4 weak K,OM + PC + adaptive,False,16,0.1803
case3375wplimit,S4 weak K,BE-chord,False,12,0.1607
case3375wplimit,S4 weak K,RK4,False,15,0.1765
case3375wplimit,S4 weak K,scaled homotopy,False,12,0.1354
case3375wplimit,S4 weak K,newton homotopy,False,12,0.1292
case3375wplimit,S5 strong K,paper,True,11,0.1205
case3375wplimit,S5 strong K,adaptive,True,11,0.1207
case3375wplimit,S5 strong K,PC,True,11,0.1217
case3375wplimit,S5 strong K,PC + adaptive,True,11,0.1189
case3375wplimit,S5 strong K,OM,True,9,0.0985
case3375wplimit,S5 strong K,OM + adaptive,True,9,0.1034
case3375wplimit,S5 strong K,OM + PC,True,10,0.1149
case3375wplimit,S5 strong K,OM + PC + adaptive,True,10,0.1156
case3375wplimit,S5 strong K,BE-chord,True,12,0.1356
case3375wplimit,S5 strong K,RK4,False,15,0.1764
case3375wplimit,S5 strong K,scaled homotopy,True,11,0.1194
case3375wplimit,S5 strong K,newton homotopy,False,12,0.1289
case9241pegaselimit,S1 paper,paper,True,11,0.3683
case9241pegaselimit,S1 paper,adaptive,True,11,0.3686
case9241pegaselimit,S1 paper,PC,True,11,0.3701
case9241pegaselimit,S1 paper,PC + adaptive,True,11,0.3757
case9241pegaselimit,S1 paper,OM,True,9,0.3111
case9241pegaselimit,S1 paper,OM + adaptive,True,9,0.3087
case9241pegaselimit,S1 paper,OM + PC,True,10,0.3468
case9241pegaselimit,S1 paper,OM + PC + adaptive,True,10,0.3459
case9241pegaselimit,S1 paper,BE-chord,True,11,0.3785
case9241pegaselimit,S1 paper,RK4,False,15,0.5687
case9241pegaselimit,S1 paper,scaled homotopy,True,11,0.3808
case9241pegaselimit,S1 paper,newton homotopy,True,12,0.3991
case9241pegaselimit,S2 Sec 4.4,paper,True,11,0.3789
case9241pegaselimit,S2 Sec 4.4,adaptive,True,11,0.3698
case9241pegaselimit,S2 Sec 4.4,PC,True,11,0.3590
case9241pegaselimit,S2 Sec 4.4,PC + adaptive,True,11,0.3649
case9241pegaselimit,S2 Sec 4.4,OM,True,9,0.3016
case9241pegaselimit,S2 Sec 4.4,OM + adaptive,True,9,0.3044
case9241pegaselimit,S2 Sec 4.4,OM + PC,True,10,0.3388
case9241pegaselimit,S2 Sec 4.4,OM + PC + adaptive,True,10,0.3354
case9241pegaselimit,S2 Sec 4.4,BE-chord,False,12,0.4083
case9241pegaselimit,S2 Sec 4.4,RK4,False,15,0.5445
case9241pegaselimit,S2 Sec 4.4,scaled homotopy,True,11,0.3775
case9241pegaselimit,S2 Sec 4.4,newton homotopy,True,12,0.4044
case9241pegaselimit,S3 Sec 4.4,paper,True,11,0.3758
case9241pegaselimit,S3 Sec 4.4,adaptive,True,11,0.3716
case9241pegaselimit,S3 Sec 4.4,PC,True,11,0.3623
case9241pegaselimit,S3 Sec 4.4,PC + adaptive,True,11,0.3716
case9241pegaselimit,S3 Sec 4.4,OM,True,9,0.3045
case9241pegaselimit,S3 Sec 4.4,OM + adaptive,True,9,0.3057
case9241pegaselimit,S3 Sec 4.4,OM + PC,True,10,0.3296
case9241pegaselimit,S3 Sec 4.4,OM + PC + adaptive,True,10,0.3370
case9241pegaselimit,S3 Sec 4.4,BE-chord,False,12,0.4069
case9241pegaselimit,S3 Sec 4.4,RK4,False,15,0.5127
case9241pegaselimit,S3 Sec 4.4,scaled homotopy,True,11,0.3750
case9241pegaselimit,S3 Sec 4.4,newton homotopy,True,12,0.4057
case9241pegaselimit,S4 weak K,paper,True,11,0.3821
case9241pegaselimit,S4 weak K,adaptive,True,11,0.3720
case9241pegaselimit,S4 weak K,PC,True,11,0.3749
case9241pegaselimit,S4 weak K,PC + adaptive,True,11,0.3660
case9241pegaselimit,S4 weak K,OM,True,9,0.3054
case9241pegaselimit,S4 weak K,OM + adaptive,True,9,0.3112
case9241pegaselimit,S4 weak K,OM + PC,True,9,0.3073
case9241pegaselimit,S4 weak K,OM + PC + adaptive,True,9,0.3130
case9241pegaselimit,S4 weak K,BE-chord,False,12,0.4054
case9241pegaselimit,S4 weak K,RK4,False,15,0.5485
case9241pegaselimit,S4 weak K,scaled homotopy,True,11,0.3775
case9241pegaselimit,S4 weak K,newton homotopy,True,12,0.4017
case9241pegaselimit,S5 strong K,paper,True,11,0.3665
case9241pegaselimit,S5 strong K,adaptive,True,11,0.3696
case9241pegaselimit,S5 strong K,PC,True,12,0.4060
case9241pegaselimit,S5 strong K,PC + adaptive,True,18,0.6097
case9241pegaselimit,S5 strong K,OM,True,9,0.2989
case9241pegaselimit,S5 strong K,OM + adaptive,True,9,0.3028
case9241pegaselimit,S5 strong K,OM + PC,True,10,0.3345
case9241pegaselimit,S5 strong K,OM + PC + adaptive,True,16,0.5394
case9241pegaselimit,S5 strong K,BE-chord,False,12,0.4010
case9241pegaselimit,S5 strong K,RK4,False,15,0.5493
case9241pegaselimit,S5 strong K,scaled homotopy,True,11,0.3757
case9241pegaselimit,S5 strong K,newton homotopy,True,12,0.3926
case13659pegaselimit,S1 paper,paper,True,8,0.3318
case13659pegaselimit,S1 paper,adaptive,True,8,0.3320
case13659pegaselimit,S1 paper,PC,True,9,0.3883
case13659pegaselimit,S1 paper,PC + adaptive,True,9,0.3840
case13659pegaselimit,S1 paper,OM,True,8,0.3470
case13659pegaselimit,S1 paper,OM + adaptive,True,8,0.3350
case13659pegaselimit,S1 paper,OM + PC,True,8,0.3364
case13659pegaselimit,S1 paper,OM + PC + adaptive,True,8,0.3369
case13659pegaselimit,S1 paper,BE-chord,True,10,0.4211
case13659pegaselimit,S1 paper,RK4,False,15,0.7087
case13659pegaselimit,S1 paper,scaled homotopy,True,8,0.3466
case13659pegaselimit,S1 paper,newton homotopy,True,9,0.3771
case13659pegaselimit,S2 Sec 4.4,paper,True,8,0.3379
case13659pegaselimit,S2 Sec 4.4,adaptive,True,8,0.3545
case13659pegaselimit,S2 Sec 4.4,PC,True,9,0.3732
case13659pegaselimit,S2 Sec 4.4,PC + adaptive,True,9,0.3945
case13659pegaselimit,S2 Sec 4.4,OM,True,8,0.3481
case13659pegaselimit,S2 Sec 4.4,OM + adaptive,True,8,0.3533
case13659pegaselimit,S2 Sec 4.4,OM + PC,True,8,0.3469
case13659pegaselimit,S2 Sec 4.4,OM + PC + adaptive,True,8,0.3427
case13659pegaselimit,S2 Sec 4.4,BE-chord,True,9,0.3978
case13659pegaselimit,S2 Sec 4.4,RK4,False,15,0.6881
case13659pegaselimit,S2 Sec 4.4,scaled homotopy,True,8,0.3534
case13659pegaselimit,S2 Sec 4.4,newton homotopy,True,9,0.3834
case13659pegaselimit,S3 Sec 4.4,paper,True,7,0.2903
case13659pegaselimit,S3 Sec 4.4,adaptive,True,7,0.3011
case13659pegaselimit,S3 Sec 4.4,PC,True,9,0.3710
case13659pegaselimit,S3 Sec 4.4,PC + adaptive,True,9,0.3745
case13659pegaselimit,S3 Sec 4.4,OM,True,8,0.3831
case13659pegaselimit,S3 Sec 4.4,OM + adaptive,True,8,0.3536
case13659pegaselimit,S3 Sec 4.4,OM + PC,True,8,0.3441
case13659pegaselimit,S3 Sec 4.4,OM + PC + adaptive,True,8,0.3490
case13659pegaselimit,S3 Sec 4.4,BE-chord,True,9,0.3948
case13659pegaselimit,S3 Sec 4.4,RK4,False,15,0.6743
case13659pegaselimit,S3 Sec 4.4,scaled homotopy,True,7,0.3091
case13659pegaselimit,S3 Sec 4.4,newton homotopy,True,11,0.4557
case13659pegaselimit,S4 weak K,paper,True,8,0.3383
case13659pegaselimit,S4 weak K,adaptive,True,8,0.3381
case13659pegaselimit,S4 weak K,PC,True,9,0.3923
case13659pegaselimit,S4 weak K,PC + adaptive,True,9,0.3873
case13659pegaselimit,S4 weak K,OM,True,7,0.3026
case13659pegaselimit,S4 weak K,OM + adaptive,True,7,0.3095
case13659pegaselimit,S4 weak K,OM + PC,True,9,0.3969
case13659pegaselimit,S4 weak K,OM + PC + adaptive,True,9,0.3830
case13659pegaselimit,S4 weak K,BE-chord,True,9,0.3837
case13659pegaselimit,S4 weak K,RK4,False,15,0.7271
case13659pegaselimit,S4 weak K,scaled homotopy,True,8,0.3534
case13659pegaselimit,S4 weak K,newton homotopy,True,9,0.3744
case13659pegaselimit,S5 strong K,paper,True,8,0.3396
case13659pegaselimit,S5 strong K,adaptive,True,8,0.3464
case13659pegaselimit,S5 strong K,PC,True,9,0.3869
case13659pegaselimit,S5 strong K,PC + adaptive,True,12,0.5056
case13659pegaselimit,S5 strong K,OM,True,9,0.3879
case13659pegaselimit,S5 strong K,OM + adaptive,True,9,0.4011
case13659pegaselimit,S5 strong K,OM + PC,True,9,0.4067
case13659pegaselimit,S5 strong K,OM + PC + adaptive,True,11,0.4727
case13659pegaselimit,S5 strong K,BE-chord,True,9,0.3837
case13659pegaselimit,S5 strong K,RK4,False,15,0.7207
case13659pegaselimit,S5 strong K,scaled homotopy,True,8,0.3644
case13659pegaselimit,S5 strong K,newton homotopy,True,9,0.3815
