case,setting,variant,converged,lu,nr_iterations,time
case18482,-,NR flat,False,10,10,0.7359007999766618
case18482,-,NR flat + OM,True,7,7,0.5152232999680564
case18482,"S1 paper (dt0=0.005, K=1e-4)",BE (paper),True,6,4,0.45173690002411604
case18482,"S1 paper (dt0=0.005, K=1e-4)",BE-chord,True,6,4,0.4508985000429675
case18482,"S1 paper (dt0=0.005, K=1e-4)",BE-PC,True,6,2,0.43794879992492497
case18482,"S1 paper (dt0=0.005, K=1e-4)",BE + OM,True,5,3,0.37120129994582385
case18482,"S1 paper (dt0=0.005, K=1e-4)",BE-PC + OM,True,6,2,0.4480878000613302
case18482,"S1 paper (dt0=0.005, K=1e-4)",RK4,False,15,10,1.2288826999720186
case18482,"S1 paper (dt0=0.005, K=1e-4)",adaptive BE,True,6,4,0.4266999999526888
case18482,"S1 paper (dt0=0.005, K=1e-4)",adaptive BE-PC,True,6,3,0.4258675000164658
case18482,"S1 paper (dt0=0.005, K=1e-4)",Newton homotopy,False,12,10,0.8665946000255644
case18482,"S1 paper (dt0=0.005, K=1e-4)",scaled K,True,6,4,0.44232629996258765
case18482,"S2 Sec 4.4 (dt0=0.05, K=1e-3)",BE (paper),True,6,4,0.42742249998264015
case18482,"S2 Sec 4.4 (dt0=0.05, K=1e-3)",BE-chord,True,7,5,0.5370355000486597
case18482,"S2 Sec 4.4 (dt0=0.05, K=1e-3)",BE-PC,True,6,2,0.44006459997035563
case18482,"S2 Sec 4.4 (dt0=0.05, K=1e-3)",BE + OM,True,6,4,0.4451954000396654
case18482,"S2 Sec 4.4 (dt0=0.05, K=1e-3)",BE-PC + OM,True,6,2,0.4820588000584394
case18482,"S2 Sec 4.4 (dt0=0.05, K=1e-3)",RK4,False,15,10,1.2464515999890864
case18482,"S2 Sec 4.4 (dt0=0.05, K=1e-3)",adaptive BE,True,6,4,0.4498034999705851
case18482,"S2 Sec 4.4 (dt0=0.05, K=1e-3)",adaptive BE-PC,True,6,3,0.4360876999562606
case18482,"S2 Sec 4.4 (dt0=0.05, K=1e-3)",Newton homotopy,True,9,7,0.6616505000274628
case18482,"S2 Sec 4.4 (dt0=0.05, K=1e-3)",scaled K,True,6,4,0.4542164000449702
case18482,"S3 Sec 4.4 (dt0=0.1, K=2e-3)",BE (paper),True,6,4,0.43092700000852346
case18482,"S3 Sec 4.4 (dt0=0.1, K=2e-3)",BE-chord,True,7,5,0.5089393999660388
case18482,"S3 Sec 4.4 (dt0=0.1, K=2e-3)",BE-PC,True,6,2,0.4574082000181079
case18482,"S3 Sec 4.4 (dt0=0.1, K=2e-3)",BE + OM,True,6,4,0.4631344999652356
case18482,"S3 Sec 4.4 (dt0=0.1, K=2e-3)",BE-PC + OM,True,6,2,0.4402137999422848
case18482,"S3 Sec 4.4 (dt0=0.1, K=2e-3)",RK4,False,15,10,1.0879007999319583
case18482,"S3 Sec 4.4 (dt0=0.1, K=2e-3)",adaptive BE,True,6,4,0.4348852999974042
case18482,"S3 Sec 4.4 (dt0=0.1, K=2e-3)",adaptive BE-PC,True,6,3,0.42786740011069924
case18482,"S3 Sec 4.4 (dt0=0.1, K=2e-3)",Newton homotopy,True,9,7,0.6424457998946309
case18482,"S3 Sec 4.4 (dt0=0.1, K=2e-3)",scaled K,True,6,4,0.44700349995400757
case18482,"S4 weak K (dt0=0.005, K=1e-5)",BE (paper),True,7,5,0.5160210001049563
case18482,"S4 weak K (dt0=0.005, K=1e-5)",BE-chord,False,12,10,0.9631963999709114
case18482,"S4 weak K (dt0=0.005, K=1e-5)",BE-PC,True,7,3,0.5156449999194592
case18482,"S4 weak K (dt0=0.005, K=1e-5)",BE + OM,True,7,5,0.49028779997024685
case18482,"S4 weak K (dt0=0.005, K=1e-5)",BE-PC + OM,True,7,3,0.5027750000590459
case18482,"S4 weak K (dt0=0.005, K=1e-5)",RK4,False,15,10,1.2118997999932617
case18482,"S4 weak K (dt0=0.005, K=1e-5)",adaptive BE,True,7,5,0.49462280003353953
case18482,"S4 weak K (dt0=0.005, K=1e-5)",adaptive BE-PC,True,7,4,0.5066792999859899
case18482,"S4 weak K (dt0=0.005, K=1e-5)",Newton homotopy,False,12,10,0.8455771000590175
case18482,"S4 weak K (dt0=0.005, K=1e-5)",scaled K,True,7,5,0.5411582000087947
case18482,"S5 strong K (dt0=0.005, K=1e-3)",BE (paper),True,5,3,0.36402929993346334
case18482,"S5 strong K (dt0=0.005, K=1e-3)",BE-chord,True,6,4,0.43606989993713796
case18482,"S5 strong K (dt0=0.005, K=1e-3)",BE-PC,True,6,2,0.41688329994212836
case18482,"S5 strong K (dt0=0.005, K=1e-3)",BE + OM,True,5,3,0.35663920000661165
case18482,"S5 strong K (dt0=0.005, K=1e-3)",BE-PC + OM,True,6,2,0.4255829999456182
case18482,"S5 strong K (dt0=0.005, K=1e-3)",RK4,False,15,10,1.1732486999826506
case18482,"S5 strong K (dt0=0.005, K=1e-3)",adaptive BE,True,5,3,0.3529977999860421
case18482,"S5 strong K (dt0=0.005, K=1e-3)",adaptive BE-PC,True,5,2,0.3506893999874592
case18482,"S5 strong K (dt0=0.005, K=1e-3)",Newton homotopy,False,12,10,0.8493340000277385
case18482,"S5 strong K (dt0=0.005, K=1e-3)",scaled K,True,5,3,0.3783122000750154
case27318,-,NR flat,False,10,10,0.874646499985829
case27318,-,NR flat + OM,True,7,7,0.6208262000000104
case27318,"S1 paper (dt0=0.005, K=1e-4)",BE (paper),True,6,4,0.5319613000610843
case27318,"S1 paper (dt0=0.005, K=1e-4)",BE-chord,True,7,5,0.64879819995258
case27318,"S1 paper (dt0=0.005, K=1e-4)",BE-PC,True,6,2,0.5448408999945968
case27318,"S1 paper (dt0=0.005, K=1e-4)",BE + OM,True,6,4,0.5407832999480888
case27318,"S1 paper (dt0=0.005, K=1e-4)",BE-PC + OM,True,6,2,0.5597129999659956
case27318,"S1 paper (dt0=0.005, K=1e-4)",RK4,False,15,10,1.5208952000830323
case27318,"S1 paper (dt0=0.005, K=1e-4)",adaptive BE,True,6,4,0.5447748999577016
case27318,"S1 paper (dt0=0.005, K=1e-4)",adaptive BE-PC,True,6,3,0.538516900036484
case27318,"S1 paper (dt0=0.005, K=1e-4)",Newton homotopy,True,8,6,0.708733000094071
case27318,"S1 paper (dt0=0.005, K=1e-4)",scaled K,True,6,4,0.56741559994407
case27318,"S2 Sec 4.4 (dt0=0.05, K=1e-3)",BE (paper),True,7,5,0.6238056999864057
case27318,"S2 Sec 4.4 (dt0=0.05, K=1e-3)",BE-chord,True,8,6,0.7448587999679148
case27318,"S2 Sec 4.4 (dt0=0.05, K=1e-3)",BE-PC,True,6,2,0.5586515000322834
case27318,"S2 Sec 4.4 (dt0=0.05, K=1e-3)",BE + OM,True,6,4,0.54091119999066
case27318,"S2 Sec 4.4 (dt0=0.05, K=1e-3)",BE-PC + OM,True,6,2,0.5399380000308156
case27318,"S2 Sec 4.4 (dt0=0.05, K=1e-3)",RK4,False,15,10,1.4507894999114797
case27318,"S2 Sec 4.4 (dt0=0.05, K=1e-3)",adaptive BE,True,7,5,0.6204999999608845
case27318,"S2 Sec 4.4 (dt0=0.05, K=1e-3)",adaptive BE-PC,True,7,4,0.6226281999843195
case27318,"S2 Sec 4.4 (dt0=0.05, K=1e-3)",Newton homotopy,True,7,5,0.6397818999830633
case27318,"S2 Sec 4.4 (dt0=0.05, K=1e-3)",scaled K,True,7,5,0.6540078000398353
case27318,"S3 Sec 4.4 (dt0=0.1, K=2e-3)",BE (paper),True,8,6,0.714588199974969
case27318,"S3 Sec 4.4 (dt0=0.1, K=2e-3)",BE-chord,True,9,7,0.8145449999719858
case27318,"S3 Sec 4.4 (dt0=0.1, K=2e-3)",BE-PC,True,6,2,0.5406369999982417
case27318,"S3 Sec 4.4 (dt0=0.1, K=2e-3)",BE + OM,True,7,5,0.6197173999389634
case27318,"S3 Sec 4.4 (dt0=0.1, K=2e-3)",BE-PC + OM,True,6,2,0.531689599971287
case27318,"S3 Sec 4.4 (dt0=0.1, K=2e-3)",RK4,False,15,10,1.4328265000367537
case27318,"S3 Sec 4.4 (dt0=0.1, K=2e-3)",adaptive BE,True,8,6,0.7200008999789134
case27318,"S3 Sec 4.4 (dt0=0.1, K=2e-3)",adaptive BE-PC,True,9,2,0.8007612000219524
case27318,"S3 Sec 4.4 (dt0=0.1, K=2e-3)",Newton homotopy,False,12,10,1.0530858999118209
case27318,"S3 Sec 4.4 (dt0=0.1, K=2e-3)",scaled K,False,12,10,1.1284626999404281
case27318,"S4 weak K (dt0=0.005, K=1e-5)",BE (paper),True,6,4,0.5320901999948546
case27318,"S4 weak K (dt0=0.005, K=1e-5)",BE-chord,True,7,5,0.6703232999425381
case27318,"S4 weak K (dt0=0.005, K=1e-5)",BE-PC,True,8,4,0.7211354000028223
case27318,"S4 weak K (dt0=0.005, K=1e-5)",BE + OM,True,6,4,0.5411842999747023
case27318,"S4 weak K (dt0=0.005, K=1e-5)",BE-PC + OM,True,8,4,0.7183022999670357
case27318,"S4 weak K (dt0=0.005, K=1e-5)",RK4,False,15,10,1.5089533000718802
case27318,"S4 weak K (dt0=0.005, K=1e-5)",adaptive BE,True,6,4,0.5333771000150591
case27318,"S4 weak K (dt0=0.005, K=1e-5)",adaptive BE-PC,True,6,3,0.5610553999431431
case27318,"S4 weak K (dt0=0.005, K=1e-5)",Newton homotopy,True,8,6,0.7251446000300348
case27318,"S4 weak K (dt0=0.005, K=1e-5)",scaled K,True,6,4,0.5697292999830097
case27318,"S5 strong K (dt0=0.005, K=1e-3)",BE (paper),True,7,5,0.6324739999836311
case27318,"S5 strong K (dt0=0.005, K=1e-3)",BE-chord,True,8,6,0.7309471000917256
case27318,"S5 strong K (dt0=0.005, K=1e-3)",BE-PC,True,8,4,0.7262577000074089
case27318,"S5 strong K (dt0=0.005, K=1e-3)",BE + OM,True,7,5,0.6480163999367505
case27318,"S5 strong K (dt0=0.005, K=1e-3)",BE-PC + OM,True,8,4,0.7131549000041559
case27318,"S5 strong K (dt0=0.005, K=1e-3)",RK4,False,15,10,1.4822364000137895
case27318,"S5 strong K (dt0=0.005, K=1e-3)",adaptive BE,True,7,5,0.6158503000624478
case27318,"S5 strong K (dt0=0.005, K=1e-3)",adaptive BE-PC,True,8,1,0.7319826999446377
case27318,"S5 strong K (dt0=0.005, K=1e-3)",Newton homotopy,True,8,6,0.7140467000426725
case27318,"S5 strong K (dt0=0.005, K=1e-3)",scaled K,True,8,6,0.7388849999988452
case36964,-,NR flat,False,10,10,1.4841202999232337
case36964,-,NR flat + OM,False,10,10,1.3827148000709713
case36964,"S1 paper (dt0=0.005, K=1e-4)",BE (paper),True,6,4,0.8384892999893054
case36964,"S1 paper (dt0=0.005, K=1e-4)",BE-chord,False,12,10,1.767047300003469
case36964,"S1 paper (dt0=0.005, K=1e-4)",BE-PC,True,6,2,0.8866984999040142
case36964,"S1 paper (dt0=0.005, K=1e-4)",BE + OM,True,6,4,0.8609865000471473
case36964,"S1 paper (dt0=0.005, K=1e-4)",BE-PC + OM,True,6,2,0.8397534999530762
case36964,"S1 paper (dt0=0.005, K=1e-4)",RK4,False,15,10,2.3281653000740334
case36964,"S1 paper (dt0=0.005, K=1e-4)",adaptive BE,True,6,4,0.8546066998969764
case36964,"S1 paper (dt0=0.005, K=1e-4)",adaptive BE-PC,True,6,3,0.8423900000052527
case36964,"S1 paper (dt0=0.005, K=1e-4)",Newton homotopy,False,12,10,1.7313884999603033
case36964,"S1 paper (dt0=0.005, K=1e-4)",scaled K,True,6,4,0.8645647999364883
case36964,"S2 Sec 4.4 (dt0=0.05, K=1e-3)",BE (paper),False,12,10,1.6787083999952301
case36964,"S2 Sec 4.4 (dt0=0.05, K=1e-3)",BE-chord,True,10,8,1.4128862000070512
case36964,"S2 Sec 4.4 (dt0=0.05, K=1e-3)",BE-PC,True,6,2,0.8476849000435323
case36964,"S2 Sec 4.4 (dt0=0.05, K=1e-3)",BE + OM,True,8,6,1.1144474999746308
case36964,"S2 Sec 4.4 (dt0=0.05, K=1e-3)",BE-PC + OM,True,6,2,0.8440435999073088
case36964,"S2 Sec 4.4 (dt0=0.05, K=1e-3)",RK4,False,15,10,2.308292599976994
case36964,"S2 Sec 4.4 (dt0=0.05, K=1e-3)",adaptive BE,False,12,10,1.7493036000523716
case36964,"S2 Sec 4.4 (dt0=0.05, K=1e-3)",adaptive BE-PC,True,10,3,1.4109358000569046
case36964,"S2 Sec 4.4 (dt0=0.05, K=1e-3)",Newton homotopy,False,12,10,1.6463248000945896
case36964,"S2 Sec 4.4 (dt0=0.05, K=1e-3)",scaled K,False,12,10,1.7174181999871507
case36964,"S3 Sec 4.4 (dt0=0.1, K=2e-3)",BE (paper),False,12,10,1.664611899992451
case36964,"S3 Sec 4.4 (dt0=0.1, K=2e-3)",BE-chord,False,12,10,1.6626680999761447
case36964,"S3 Sec 4.4 (dt0=0.1, K=2e-3)",BE-PC,True,6,2,0.8657939999829978
case36964,"S3 Sec 4.4 (dt0=0.1, K=2e-3)",BE + OM,True,9,7,1.4164128999691457
case36964,"S3 Sec 4.4 (dt0=0.1, K=2e-3)",BE-PC + OM,True,6,2,0.8761649000225589
case36964,"S3 Sec 4.4 (dt0=0.1, K=2e-3)",RK4,False,15,10,2.2143919999944046
case36964,"S3 Sec 4.4 (dt0=0.1, K=2e-3)",adaptive BE,False,12,10,1.6783837999682873
case36964,"S3 Sec 4.4 (dt0=0.1, K=2e-3)",adaptive BE-PC,True,10,3,1.4730667000403628
case36964,"S3 Sec 4.4 (dt0=0.1, K=2e-3)",Newton homotopy,False,12,10,1.8964836000232026
case36964,"S3 Sec 4.4 (dt0=0.1, K=2e-3)",scaled K,False,12,10,1.7473559000063688
case36964,"S4 weak K (dt0=0.005, K=1e-5)",BE (paper),False,12,10,1.7526380999479443
case36964,"S4 weak K (dt0=0.005, K=1e-5)",BE-chord,False,12,10,2.156473599956371
case36964,"S4 weak K (dt0=0.005, K=1e-5)",BE-PC,False,14,10,2.182132299989462
case36964,"S4 weak K (dt0=0.005, K=1e-5)",BE + OM,False,12,10,1.7180160999996588
case36964,"S4 weak K (dt0=0.005, K=1e-5)",BE-PC + OM,False,14,10,1.9847402999876067
case36964,"S4 weak K (dt0=0.005, K=1e-5)",RK4,False,15,10,2.3304843999212608
case36964,"S4 weak K (dt0=0.005, K=1e-5)",adaptive BE,True,18,4,2.607608800055459
case36964,"S4 weak K (dt0=0.005, K=1e-5)",adaptive BE-PC,True,27,0,3.8380760999862105
case36964,"S4 weak K (dt0=0.005, K=1e-5)",Newton homotopy,False,12,10,1.7210328000364825
case36964,"S4 weak K (dt0=0.005, K=1e-5)",scaled K,False,12,10,1.7346605999628082
case36964,"S5 strong K (dt0=0.005, K=1e-3)",BE (paper),True,6,4,0.8432539999485016
case36964,"S5 strong K (dt0=0.005, K=1e-3)",BE-chord,True,7,5,1.0095175000606105
case36964,"S5 strong K (dt0=0.005, K=1e-3)",BE-PC,True,7,3,0.9928707000799477
case36964,"S5 strong K (dt0=0.005, K=1e-3)",BE + OM,True,6,4,0.8576817000284791
case36964,"S5 strong K (dt0=0.005, K=1e-3)",BE-PC + OM,True,7,3,1.0123413000255823
case36964,"S5 strong K (dt0=0.005, K=1e-3)",RK4,False,11,6,1.7388102000113577
case36964,"S5 strong K (dt0=0.005, K=1e-3)",adaptive BE,True,6,4,0.8415737999603152
case36964,"S5 strong K (dt0=0.005, K=1e-3)",adaptive BE-PC,True,6,3,0.8388312000315636
case36964,"S5 strong K (dt0=0.005, K=1e-3)",Newton homotopy,False,12,10,1.7599989000009373
case36964,"S5 strong K (dt0=0.005, K=1e-3)",scaled K,True,6,4,0.8772134999744594
case54636,-,NR flat,False,10,10,1.7334921000292525
case54636,-,NR flat + OM,True,8,8,1.4630519000347704
case54636,"S1 paper (dt0=0.005, K=1e-4)",BE (paper),True,6,4,1.0925196000607684
case54636,"S1 paper (dt0=0.005, K=1e-4)",BE-chord,True,7,5,1.3030095000285655
case54636,"S1 paper (dt0=0.005, K=1e-4)",BE-PC,True,6,2,1.0734966999152675
case54636,"S1 paper (dt0=0.005, K=1e-4)",BE + OM,True,6,4,1.0869339000200853
case54636,"S1 paper (dt0=0.005, K=1e-4)",BE-PC + OM,True,6,2,1.099692999967374
case54636,"S1 paper (dt0=0.005, K=1e-4)",RK4,False,15,10,3.023747899918817
case54636,"S1 paper (dt0=0.005, K=1e-4)",adaptive BE,True,6,4,1.069386100047268
case54636,"S1 paper (dt0=0.005, K=1e-4)",adaptive BE-PC,True,6,3,1.0758307999931276
case54636,"S1 paper (dt0=0.005, K=1e-4)",Newton homotopy,True,8,6,1.4399382000556216
case54636,"S1 paper (dt0=0.005, K=1e-4)",scaled K,True,6,4,1.1428668999578804
case54636,"S2 Sec 4.4 (dt0=0.05, K=1e-3)",BE (paper),True,7,5,1.2576358000515029
case54636,"S2 Sec 4.4 (dt0=0.05, K=1e-3)",BE-chord,True,8,6,1.4827029999578372
case54636,"S2 Sec 4.4 (dt0=0.05, K=1e-3)",BE-PC,True,6,2,1.0690427999943495
case54636,"S2 Sec 4.4 (dt0=0.05, K=1e-3)",BE + OM,True,6,4,1.0882366000441834
case54636,"S2 Sec 4.4 (dt0=0.05, K=1e-3)",BE-PC + OM,True,6,2,1.0867168999975547
case54636,"S2 Sec 4.4 (dt0=0.05, K=1e-3)",RK4,False,15,10,2.9294186000479385
case54636,"S2 Sec 4.4 (dt0=0.05, K=1e-3)",adaptive BE,True,7,5,1.236766100046225
case54636,"S2 Sec 4.4 (dt0=0.05, K=1e-3)",adaptive BE-PC,True,7,4,1.2110251999692991
case54636,"S2 Sec 4.4 (dt0=0.05, K=1e-3)",Newton homotopy,True,7,5,1.2047285999869928
case54636,"S2 Sec 4.4 (dt0=0.05, K=1e-3)",scaled K,True,7,5,1.2679839000338688
case54636,"S3 Sec 4.4 (dt0=0.1, K=2e-3)",BE (paper),True,9,7,1.575595899950713
case54636,"S3 Sec 4.4 (dt0=0.1, K=2e-3)",BE-chord,False,12,10,2.216281099943444
case54636,"S3 Sec 4.4 (dt0=0.1, K=2e-3)",BE-PC,True,6,2,1.1059033999918029
case54636,"S3 Sec 4.4 (dt0=0.1, K=2e-3)",BE + OM,True,7,5,1.243617600062862
case54636,"S3 Sec 4.4 (dt0=0.1, K=2e-3)",BE-PC + OM,True,6,2,1.111413500038907
case54636,"S3 Sec 4.4 (dt0=0.1, K=2e-3)",RK4,False,15,10,2.7586873999098316
case54636,"S3 Sec 4.4 (dt0=0.1, K=2e-3)",adaptive BE,True,9,7,1.5779207000741735
case54636,"S3 Sec 4.4 (dt0=0.1, K=2e-3)",adaptive BE-PC,True,9,2,1.628434200072661
case54636,"S3 Sec 4.4 (dt0=0.1, K=2e-3)",Newton homotopy,False,12,10,2.0998811000026762
case54636,"S3 Sec 4.4 (dt0=0.1, K=2e-3)",scaled K,False,12,10,2.2016346999444067
case54636,"S4 weak K (dt0=0.005, K=1e-5)",BE (paper),True,6,4,1.0608709999360144
case54636,"S4 weak K (dt0=0.005, K=1e-5)",BE-chord,True,7,5,1.2649731000419706
case54636,"S4 weak K (dt0=0.005, K=1e-5)",BE-PC,True,10,6,1.7517703000921756
case54636,"S4 weak K (dt0=0.005, K=1e-5)",BE + OM,True,6,4,1.073577499948442
case54636,"S4 weak K (dt0=0.005, K=1e-5)",BE-PC + OM,True,10,6,1.7894541999557987
case54636,"S4 weak K (dt0=0.005, K=1e-5)",RK4,False,15,10,2.9516429000068456
case54636,"S4 weak K (dt0=0.005, K=1e-5)",adaptive BE,True,6,4,1.0674740000395104
case54636,"S4 weak K (dt0=0.005, K=1e-5)",adaptive BE-PC,True,6,3,1.0572284000227228
case54636,"S4 weak K (dt0=0.005, K=1e-5)",Newton homotopy,True,8,6,1.3908411000156775
case54636,"S4 weak K (dt0=0.005, K=1e-5)",scaled K,True,6,4,1.1314804999856278
case54636,"S5 strong K (dt0=0.005, K=1e-3)",BE (paper),True,7,5,1.2538962999824435
case54636,"S5 strong K (dt0=0.005, K=1e-3)",BE-chord,True,8,6,1.445540999993682
case54636,"S5 strong K (dt0=0.005, K=1e-3)",BE-PC,True,8,4,1.4059396999655291
case54636,"S5 strong K (dt0=0.005, K=1e-3)",BE + OM,True,7,5,1.2645161000546068
case54636,"S5 strong K (dt0=0.005, K=1e-3)",BE-PC + OM,True,8,4,1.4213968000840396
case54636,"S5 strong K (dt0=0.005, K=1e-3)",RK4,False,15,10,2.9793940000236034
case54636,"S5 strong K (dt0=0.005, K=1e-3)",adaptive BE,True,7,5,1.2396345000015572
case54636,"S5 strong K (dt0=0.005, K=1e-3)",adaptive BE-PC,True,8,1,1.4113241001032293
case54636,"S5 strong K (dt0=0.005, K=1e-3)",Newton homotopy,True,8,6,1.3388273000018671
case54636,"S5 strong K (dt0=0.005, K=1e-3)",scaled K,True,8,6,1.4234028999926522
case109272,-,NR flat,False,10,10,3.6324222999392077
case109272,-,NR flat + OM,True,8,8,2.9917464000172913
case109272,"S1 paper (dt0=0.005, K=1e-4)",BE (paper),True,6,4,2.201966399908997
case109272,"S1 paper (dt0=0.005, K=1e-4)",BE-chord,True,12,10,4.566794199985452
case109272,"S1 paper (dt0=0.005, K=1e-4)",BE-PC,True,6,2,2.2820023000240326
case109272,"S1 paper (dt0=0.005, K=1e-4)",BE + OM,True,6,4,2.2673700000159442
case109272,"S1 paper (dt0=0.005, K=1e-4)",BE-PC + OM,True,6,2,2.2663844999624416
case109272,"S1 paper (dt0=0.005, K=1e-4)",RK4,False,15,10,6.149909099913202
case109272,"S1 paper (dt0=0.005, K=1e-4)",adaptive BE,True,6,4,2.2241152999922633
case109272,"S1 paper (dt0=0.005, K=1e-4)",adaptive BE-PC,True,6,3,2.2862211000174284
case109272,"S1 paper (dt0=0.005, K=1e-4)",Newton homotopy,True,8,6,2.9236463999841362
case109272,"S1 paper (dt0=0.005, K=1e-4)",scaled K,True,6,4,2.3458435999928042
case109272,"S2 Sec 4.4 (dt0=0.05, K=1e-3)",BE (paper),True,7,5,2.5781387999886647
case109272,"S2 Sec 4.4 (dt0=0.05, K=1e-3)",BE-chord,True,11,9,4.3117285000626
case109272,"S2 Sec 4.4 (dt0=0.05, K=1e-3)",BE-PC,True,6,2,8.137782400008291
case109272,"S2 Sec 4.4 (dt0=0.05, K=1e-3)",BE + OM,True,6,4,11.328641100088134
case109272,"S2 Sec 4.4 (dt0=0.05, K=1e-3)",BE-PC + OM,True,6,2,11.55794130009599
case109272,"S2 Sec 4.4 (dt0=0.05, K=1e-3)",RK4,False,15,10,30.704255199991167
case109272,"S2 Sec 4.4 (dt0=0.05, K=1e-3)",adaptive BE,True,7,5,13.05647750000935
case109272,"S2 Sec 4.4 (dt0=0.05, K=1e-3)",adaptive BE-PC,True,7,4,13.1643219999969
case109272,"S2 Sec 4.4 (dt0=0.05, K=1e-3)",Newton homotopy,True,8,6,12.048863900010474
case109272,"S2 Sec 4.4 (dt0=0.05, K=1e-3)",scaled K,True,7,5,3.0676426000427455
case109272,"S3 Sec 4.4 (dt0=0.1, K=2e-3)",BE (paper),True,10,8,15.43807839998044
case109272,"S3 Sec 4.4 (dt0=0.1, K=2e-3)",BE-chord,False,12,10,22.97947329992894
case109272,"S3 Sec 4.4 (dt0=0.1, K=2e-3)",BE-PC,True,6,2,11.524866699939594
case109272,"S3 Sec 4.4 (dt0=0.1, K=2e-3)",BE + OM,True,7,5,12.08992059994489
case109272,"S3 Sec 4.4 (dt0=0.1, K=2e-3)",BE-PC + OM,True,6,2,2.433807900059037
case109272,"S3 Sec 4.4 (dt0=0.1, K=2e-3)",RK4,False,15,10,22.336248300038278
case109272,"S3 Sec 4.4 (dt0=0.1, K=2e-3)",adaptive BE,True,10,8,18.42199880001135
case109272,"S3 Sec 4.4 (dt0=0.1, K=2e-3)",adaptive BE-PC,True,9,2,16.892301100073382
case109272,"S3 Sec 4.4 (dt0=0.1, K=2e-3)",Newton homotopy,False,12,10,21.75708770006895
case109272,"S3 Sec 4.4 (dt0=0.1, K=2e-3)",scaled K,False,12,10,22.422167400014587
case109272,"S4 weak K (dt0=0.005, K=1e-5)",BE (paper),True,6,4,11.013323999941349
case109272,"S4 weak K (dt0=0.005, K=1e-5)",BE-chord,False,12,10,22.236974700004794
case109272,"S4 weak K (dt0=0.005, K=1e-5)",BE-PC,True,10,6,18.0229008999886
case109272,"S4 weak K (dt0=0.005, K=1e-5)",BE + OM,True,6,4,11.045733799925074
case109272,"S4 weak K (dt0=0.005, K=1e-5)",BE-PC + OM,True,9,5,16.57814330002293
case109272,"S4 weak K (dt0=0.005, K=1e-5)",RK4,False,15,10,31.51800160005223
case109272,"S4 weak K (dt0=0.005, K=1e-5)",adaptive BE,True,6,4,10.122988699935377
case109272,"S4 weak K (dt0=0.005, K=1e-5)",adaptive BE-PC,True,6,3,10.073034000000916
case109272,"S4 weak K (dt0=0.005, K=1e-5)",Newton homotopy,True,8,6,13.136885000043549
case109272,"S4 weak K (dt0=0.005, K=1e-5)",scaled K,True,6,4,10.61091139994096
case109272,"S5 strong K (dt0=0.005, K=1e-3)",BE (paper),True,7,5,11.579512699972838
case109272,"S5 strong K (dt0=0.005, K=1e-3)",BE-chord,True,10,8,16.762060899985954
case109272,"S5 strong K (dt0=0.005, K=1e-3)",BE-PC,True,8,4,13.388797800056636
case109272,"S5 strong K (dt0=0.005, K=1e-3)",BE + OM,True,7,5,12.025372500065714
case109272,"S5 strong K (dt0=0.005, K=1e-3)",BE-PC + OM,True,8,4,13.689491100027226
case109272,"S5 strong K (dt0=0.005, K=1e-3)",RK4,False,15,10,12.673304399941117
case109272,"S5 strong K (dt0=0.005, K=1e-3)",adaptive BE,True,7,5,2.7114670000737533
case109272,"S5 strong K (dt0=0.005, K=1e-3)",adaptive BE-PC,True,8,1,3.131605500006117
case109272,"S5 strong K (dt0=0.005, K=1e-3)",Newton homotopy,True,8,6,3.0262300999602303
case109272,"S5 strong K (dt0=0.005, K=1e-3)",scaled K,True,8,6,3.0685567000182346
case69limit,-,NR flat,True,2,2,0.003537400043569505
case69limit,-,NR flat + OM,True,2,2,0.002967400010675192
case69limit,"S1 paper (dt0=0.005, K=1e-4)",BE (paper),True,3,1,0.004223200026899576
case69limit,"S1 paper (dt0=0.005, K=1e-4)",BE-chord,True,3,1,0.004279099986888468
case69limit,"S1 paper (dt0=0.005, K=1e-4)",BE-PC,True,4,0,0.005697699962183833
case69limit,"S1 paper (dt0=0.005, K=1e-4)",BE + OM,True,3,1,0.00416619994211942
case69limit,"S1 paper (dt0=0.005, K=1e-4)",BE-PC + OM,True,4,0,0.005424599978141487
case69limit,"S1 paper (dt0=0.005, K=1e-4)",RK4,True,7,2,0.009664000011980534
case69limit,"S1 paper (dt0=0.005, K=1e-4)",adaptive BE,True,3,1,0.004126699990592897
case69limit,"S1 paper (dt0=0.005, K=1e-4)",adaptive BE-PC,True,3,0,0.004725200007669628
case69limit,"S1 paper (dt0=0.005, K=1e-4)",Newton homotopy,True,3,1,0.005398700013756752
case69limit,"S1 paper (dt0=0.005, K=1e-4)",scaled K,True,3,1,0.00545219995547086
case69limit,"S2 Sec 4.4 (dt0=0.05, K=1e-3)",BE (paper),True,3,1,0.004096199991181493
case69limit,"S2 Sec 4.4 (dt0=0.05, K=1e-3)",BE-chord,True,3,1,0.00440630002412945
case69limit,"S2 Sec 4.4 (dt0=0.05, K=1e-3)",BE-PC,True,4,0,0.005474599893204868
case69limit,"S2 Sec 4.4 (dt0=0.05, K=1e-3)",BE + OM,True,3,1,0.004211400053463876
case69limit,"S2 Sec 4.4 (dt0=0.05, K=1e-3)",BE-PC + OM,True,4,0,0.0056238999823108315
case69limit,"S2 Sec 4.4 (dt0=0.05, K=1e-3)",RK4,True,6,1,0.008127199951559305
case69limit,"S2 Sec 4.4 (dt0=0.05, K=1e-3)",adaptive BE,True,3,1,0.004072099924087524
case69limit,"S2 Sec 4.4 (dt0=0.05, K=1e-3)",adaptive BE-PC,True,3,0,0.0041470000287517905
case69limit,"S2 Sec 4.4 (dt0=0.05, K=1e-3)",Newton homotopy,True,3,1,0.004093099967576563
case69limit,"S2 Sec 4.4 (dt0=0.05, K=1e-3)",scaled K,True,3,1,0.005250799935311079
case69limit,"S3 Sec 4.4 (dt0=0.1, K=2e-3)",BE (paper),True,3,1,0.00410989997908473
case69limit,"S3 Sec 4.4 (dt0=0.1, K=2e-3)",BE-chord,True,4,2,0.005419300054199994
case69limit,"S3 Sec 4.4 (dt0=0.1, K=2e-3)",BE-PC,True,4,0,0.00694280001334846
case69limit,"S3 Sec 4.4 (dt0=0.1, K=2e-3)",BE + OM,True,3,1,0.00449939991813153
case69limit,"S3 Sec 4.4 (dt0=0.1, K=2e-3)",BE-PC + OM,True,4,0,0.005794400000013411
case69limit,"S3 Sec 4.4 (dt0=0.1, K=2e-3)",RK4,True,6,1,0.008280899957753718
case69limit,"S3 Sec 4.4 (dt0=0.1, K=2e-3)",adaptive BE,True,3,1,0.0041380999609827995
case69limit,"S3 Sec 4.4 (dt0=0.1, K=2e-3)",adaptive BE-PC,True,3,0,0.004750099964439869
case69limit,"S3 Sec 4.4 (dt0=0.1, K=2e-3)",Newton homotopy,True,3,1,0.003977500018663704
case69limit,"S3 Sec 4.4 (dt0=0.1, K=2e-3)",scaled K,True,3,1,0.00520779995713383
case69limit,"S4 weak K (dt0=0.005, K=1e-5)",BE (paper),True,3,1,0.0041062000673264265
case69limit,"S4 weak K (dt0=0.005, K=1e-5)",BE-chord,True,3,1,0.0044398000463843346
case69limit,"S4 weak K (dt0=0.005, K=1e-5)",BE-PC,True,4,0,0.005436600069515407
case69limit,"S4 weak K (dt0=0.005, K=1e-5)",BE + OM,True,3,1,0.004189300001598895
case69limit,"S4 weak K (dt0=0.005, K=1e-5)",BE-PC + OM,True,4,0,0.00570999993942678
case69limit,"S4 weak K (dt0=0.005, K=1e-5)",RK4,True,7,2,0.009442699956707656
case69limit,"S4 weak K (dt0=0.005, K=1e-5)",adaptive BE,True,3,1,0.004699199926108122
case69limit,"S4 weak K (dt0=0.005, K=1e-5)",adaptive BE-PC,True,3,0,0.004197799949906766
case69limit,"S4 weak K (dt0=0.005, K=1e-5)",Newton homotopy,True,3,1,0.003986499970778823
case69limit,"S4 weak K (dt0=0.005, K=1e-5)",scaled K,True,3,1,0.005219200043939054
case69limit,"S5 strong K (dt0=0.005, K=1e-3)",BE (paper),True,3,1,0.004108400084078312
case69limit,"S5 strong K (dt0=0.005, K=1e-3)",BE-chord,True,3,1,0.00427460006903857
case69limit,"S5 strong K (dt0=0.005, K=1e-3)",BE-PC,True,4,0,0.005505800014361739
case69limit,"S5 strong K (dt0=0.005, K=1e-3)",BE + OM,True,3,1,0.0043351000640541315
case69limit,"S5 strong K (dt0=0.005, K=1e-3)",BE-PC + OM,True,4,0,0.005441500106826425
case69limit,"S5 strong K (dt0=0.005, K=1e-3)",RK4,True,11,6,0.014298600028268993
case69limit,"S5 strong K (dt0=0.005, K=1e-3)",adaptive BE,True,3,1,0.0040707000298425555
case69limit,"S5 strong K (dt0=0.005, K=1e-3)",adaptive BE-PC,True,3,0,0.004184400080703199
case69limit,"S5 strong K (dt0=0.005, K=1e-3)",Newton homotopy,True,3,1,0.004027000046335161
case69limit,"S5 strong K (dt0=0.005, K=1e-3)",scaled K,True,3,1,0.00520800007507205
case141limit,-,NR flat,True,2,2,0.0029755999566987157
case141limit,-,NR flat + OM,True,2,2,0.0030379999661818147
case141limit,"S1 paper (dt0=0.005, K=1e-4)",BE (paper),True,3,1,0.004708099993877113
case141limit,"S1 paper (dt0=0.005, K=1e-4)",BE-chord,True,3,1,0.00471000000834465
case141limit,"S1 paper (dt0=0.005, K=1e-4)",BE-PC,True,4,0,0.006134300027042627
case141limit,"S1 paper (dt0=0.005, K=1e-4)",BE + OM,True,3,1,0.0048189000226557255
case141limit,"S1 paper (dt0=0.005, K=1e-4)",BE-PC + OM,True,4,0,0.006071799900382757
case141limit,"S1 paper (dt0=0.005, K=1e-4)",RK4,True,7,2,0.010450099944137037
case141limit,"S1 paper (dt0=0.005, K=1e-4)",adaptive BE,True,3,1,0.004591900040395558
case141limit,"S1 paper (dt0=0.005, K=1e-4)",adaptive BE-PC,True,3,0,0.004677999997511506
case141limit,"S1 paper (dt0=0.005, K=1e-4)",Newton homotopy,True,3,1,0.004402999999001622
case141limit,"S1 paper (dt0=0.005, K=1e-4)",scaled K,True,3,1,0.005740200052969158
case141limit,"S2 Sec 4.4 (dt0=0.05, K=1e-3)",BE (paper),True,3,1,0.0045415000058710575
case141limit,"S2 Sec 4.4 (dt0=0.05, K=1e-3)",BE-chord,True,4,2,0.0061391000635921955
case141limit,"S2 Sec 4.4 (dt0=0.05, K=1e-3)",BE-PC,True,4,0,0.006073600030504167
case141limit,"S2 Sec 4.4 (dt0=0.05, K=1e-3)",BE + OM,True,3,1,0.004758899915032089
case141limit,"S2 Sec 4.4 (dt0=0.05, K=1e-3)",BE-PC + OM,True,4,0,0.006118500023148954
case141limit,"S2 Sec 4.4 (dt0=0.05, K=1e-3)",RK4,True,6,1,0.008981800056062639
case141limit,"S2 Sec 4.4 (dt0=0.05, K=1e-3)",adaptive BE,True,3,1,0.004764299956150353
case141limit,"S2 Sec 4.4 (dt0=0.05, K=1e-3)",adaptive BE-PC,True,3,0,0.004707799991592765
case141limit,"S2 Sec 4.4 (dt0=0.05, K=1e-3)",Newton homotopy,True,3,1,0.004459100076928735
case141limit,"S2 Sec 4.4 (dt0=0.05, K=1e-3)",scaled K,True,3,1,0.005768100032582879
case141limit,"S3 Sec 4.4 (dt0=0.1, K=2e-3)",BE (paper),True,3,1,0.004741900018416345
case141limit,"S3 Sec 4.4 (dt0=0.1, K=2e-3)",BE-chord,True,4,2,0.0061024000169709325
case141limit,"S3 Sec 4.4 (dt0=0.1, K=2e-3)",BE-PC,True,4,0,0.006116700009442866
case141limit,"S3 Sec 4.4 (dt0=0.1, K=2e-3)",BE + OM,True,3,1,0.004879300016909838
case141limit,"S3 Sec 4.4 (dt0=0.1, K=2e-3)",BE-PC + OM,True,4,0,0.006041900021955371
case141limit,"S3 Sec 4.4 (dt0=0.1, K=2e-3)",RK4,True,6,1,0.009337299969047308
case141limit,"S3 Sec 4.4 (dt0=0.1, K=2e-3)",adaptive BE,True,3,1,0.0045412000035867095
case141limit,"S3 Sec 4.4 (dt0=0.1, K=2e-3)",adaptive BE-PC,True,3,0,0.0046817000256851315
case141limit,"S3 Sec 4.4 (dt0=0.1, K=2e-3)",Newton homotopy,True,3,1,0.004551200079731643
case141limit,"S3 Sec 4.4 (dt0=0.1, K=2e-3)",scaled K,True,3,1,0.005689600016921759
case141limit,"S4 weak K (dt0=0.005, K=1e-5)",BE (paper),True,3,1,0.004543299903161824
case141limit,"S4 weak K (dt0=0.005, K=1e-5)",BE-chord,True,3,1,0.0047478999476879835
case141limit,"S4 weak K (dt0=0.005, K=1e-5)",BE-PC,True,4,0,0.006103800027631223
case141limit,"S4 weak K (dt0=0.005, K=1e-5)",BE + OM,True,3,1,0.004765599966049194
case141limit,"S4 weak K (dt0=0.005, K=1e-5)",BE-PC + OM,True,4,0,0.006097899982705712
case141limit,"S4 weak K (dt0=0.005, K=1e-5)",RK4,True,7,2,0.010357300052419305
case141limit,"S4 weak K (dt0=0.005, K=1e-5)",adaptive BE,True,3,1,0.004749400075525045
case141limit,"S4 weak K (dt0=0.005, K=1e-5)",adaptive BE-PC,True,3,0,0.0047710000071674585
case141limit,"S4 weak K (dt0=0.005, K=1e-5)",Newton homotopy,True,3,1,0.0043697000946849585
case141limit,"S4 weak K (dt0=0.005, K=1e-5)",scaled K,True,3,1,0.005984500050544739
case141limit,"S5 strong K (dt0=0.005, K=1e-3)",BE (paper),True,3,1,0.004673599964007735
case141limit,"S5 strong K (dt0=0.005, K=1e-3)",BE-chord,True,4,2,0.0062197999795898795
case141limit,"S5 strong K (dt0=0.005, K=1e-3)",BE-PC,True,4,0,0.006140500074252486
case141limit,"S5 strong K (dt0=0.005, K=1e-3)",BE + OM,True,3,1,0.004707299987785518
case141limit,"S5 strong K (dt0=0.005, K=1e-3)",BE-PC + OM,True,4,0,0.006028300034813583
case141limit,"S5 strong K (dt0=0.005, K=1e-3)",RK4,True,9,4,0.013522999943234026
case141limit,"S5 strong K (dt0=0.005, K=1e-3)",adaptive BE,True,3,1,0.004586700000800192
case141limit,"S5 strong K (dt0=0.005, K=1e-3)",adaptive BE-PC,True,3,0,0.004681200021877885
case141limit,"S5 strong K (dt0=0.005, K=1e-3)",Newton homotopy,True,3,1,0.004408399923704565
case141limit,"S5 strong K (dt0=0.005, K=1e-3)",scaled K,True,3,1,0.005794299999251962
case_ACTIVSg500limit,-,NR flat,True,4,4,0.009862300008535385
case_ACTIVSg500limit,-,NR flat + OM,True,4,4,0.011673500062897801
case_ACTIVSg500limit,"S1 paper (dt0=0.005, K=1e-4)",BE (paper),True,4,2,0.010954400058835745
case_ACTIVSg500limit,"S1 paper (dt0=0.005, K=1e-4)",BE-chord,True,5,3,0.012944299960508943
case_ACTIVSg500limit,"S1 paper (dt0=0.005, K=1e-4)",BE-PC,True,5,1,0.012595799984410405
case_ACTIVSg500limit,"S1 paper (dt0=0.005, K=1e-4)",BE + OM,True,4,2,0.010351200005970895
case_ACTIVSg500limit,"S1 paper (dt0=0.005, K=1e-4)",BE-PC + OM,True,5,1,0.013231400051154196
case_ACTIVSg500limit,"S1 paper (dt0=0.005, K=1e-4)",RK4,False,15,10,0.03868130000773817
case_ACTIVSg500limit,"S1 paper (dt0=0.005, K=1e-4)",adaptive BE,True,4,2,0.010224900091998279
case_ACTIVSg500limit,"S1 paper (dt0=0.005, K=1e-4)",adaptive BE-PC,True,4,1,0.009986400022171438
case_ACTIVSg500limit,"S1 paper (dt0=0.005, K=1e-4)",Newton homotopy,True,5,3,0.012106299982406199
case_ACTIVSg500limit,"S1 paper (dt0=0.005, K=1e-4)",scaled K,True,4,2,0.011357799987308681
case_ACTIVSg500limit,"S2 Sec 4.4 (dt0=0.05, K=1e-3)",BE (paper),True,4,2,0.009908200008794665
case_ACTIVSg500limit,"S2 Sec 4.4 (dt0=0.05, K=1e-3)",BE-chord,True,5,3,0.012663200031965971
case_ACTIVSg500limit,"S2 Sec 4.4 (dt0=0.05, K=1e-3)",BE-PC,True,5,1,0.012786000035703182
case_ACTIVSg500limit,"S2 Sec 4.4 (dt0=0.05, K=1e-3)",BE + OM,True,4,2,0.010420399950817227
case_ACTIVSg500limit,"S2 Sec 4.4 (dt0=0.05, K=1e-3)",BE-PC + OM,True,5,1,0.012572399922646582
case_ACTIVSg500limit,"S2 Sec 4.4 (dt0=0.05, K=1e-3)",RK4,True,9,4,0.022508900030516088
case_ACTIVSg500limit,"S2 Sec 4.4 (dt0=0.05, K=1e-3)",adaptive BE,True,4,2,0.009902599966153502
case_ACTIVSg500limit,"S2 Sec 4.4 (dt0=0.05, K=1e-3)",adaptive BE-PC,True,4,1,0.010331299970857799
case_ACTIVSg500limit,"S2 Sec 4.4 (dt0=0.05, K=1e-3)",Newton homotopy,True,5,3,0.012489599990658462
case_ACTIVSg500limit,"S2 Sec 4.4 (dt0=0.05, K=1e-3)",scaled K,True,4,2,0.011459799949079752
case_ACTIVSg500limit,"S3 Sec 4.4 (dt0=0.1, K=2e-3)",BE (paper),True,4,2,0.009925800026394427
case_ACTIVSg500limit,"S3 Sec 4.4 (dt0=0.1, K=2e-3)",BE-chord,True,5,3,0.012721400009468198
case_ACTIVSg500limit,"S3 Sec 4.4 (dt0=0.1, K=2e-3)",BE-PC,True,5,1,0.012633999926038086
case_ACTIVSg500limit,"S3 Sec 4.4 (dt0=0.1, K=2e-3)",BE + OM,True,4,2,0.010145499953068793
case_ACTIVSg500limit,"S3 Sec 4.4 (dt0=0.1, K=2e-3)",BE-PC + OM,True,5,1,0.017301799962297082
case_ACTIVSg500limit,"S3 Sec 4.4 (dt0=0.1, K=2e-3)",RK4,True,8,3,0.020333199994638562
case_ACTIVSg500limit,"S3 Sec 4.4 (dt0=0.1, K=2e-3)",adaptive BE,True,4,2,0.010154400020837784
case_ACTIVSg500limit,"S3 Sec 4.4 (dt0=0.1, K=2e-3)",adaptive BE-PC,True,4,1,0.01029880007263273
case_ACTIVSg500limit,"S3 Sec 4.4 (dt0=0.1, K=2e-3)",Newton homotopy,True,5,3,0.012135599972680211
case_ACTIVSg500limit,"S3 Sec 4.4 (dt0=0.1, K=2e-3)",scaled K,True,4,2,0.011933599947951734
case_ACTIVSg500limit,"S4 weak K (dt0=0.005, K=1e-5)",BE (paper),True,4,2,0.009957300033420324
case_ACTIVSg500limit,"S4 weak K (dt0=0.005, K=1e-5)",BE-chord,True,5,3,0.012947299983352423
case_ACTIVSg500limit,"S4 weak K (dt0=0.005, K=1e-5)",BE-PC,True,4,0,0.010353899910114706
case_ACTIVSg500limit,"S4 weak K (dt0=0.005, K=1e-5)",BE + OM,True,4,2,0.010112299933098257
case_ACTIVSg500limit,"S4 weak K (dt0=0.005, K=1e-5)",BE-PC + OM,True,4,0,0.010121600003913045
case_ACTIVSg500limit,"S4 weak K (dt0=0.005, K=1e-5)",RK4,False,15,10,0.03842980007175356
case_ACTIVSg500limit,"S4 weak K (dt0=0.005, K=1e-5)",adaptive BE,True,4,2,0.010040899971500039
case_ACTIVSg500limit,"S4 weak K (dt0=0.005, K=1e-5)",adaptive BE-PC,True,4,1,0.010061800014227629
case_ACTIVSg500limit,"S4 weak K (dt0=0.005, K=1e-5)",Newton homotopy,True,5,3,0.01206169999204576
case_ACTIVSg500limit,"S4 weak K (dt0=0.005, K=1e-5)",scaled K,True,4,2,0.015117099974304438
case_ACTIVSg500limit,"S5 strong K (dt0=0.005, K=1e-3)",BE (paper),True,4,2,0.01006760005839169
case_ACTIVSg500limit,"S5 strong K (dt0=0.005, K=1e-3)",BE-chord,True,5,3,0.013209400000050664
case_ACTIVSg500limit,"S5 strong K (dt0=0.005, K=1e-3)",BE-PC,True,5,1,0.013023499981500208
case_ACTIVSg500limit,"S5 strong K (dt0=0.005, K=1e-3)",BE + OM,True,4,2,0.010454399976879358
case_ACTIVSg500limit,"S5 strong K (dt0=0.005, K=1e-3)",BE-PC + OM,True,5,1,0.012710300041362643
case_ACTIVSg500limit,"S5 strong K (dt0=0.005, K=1e-3)",RK4,False,15,10,0.03852309996727854
case_ACTIVSg500limit,"S5 strong K (dt0=0.005, K=1e-3)",adaptive BE,True,4,2,0.010297500062733889
case_ACTIVSg500limit,"S5 strong K (dt0=0.005, K=1e-3)",adaptive BE-PC,True,4,1,0.01002480008173734
case_ACTIVSg500limit,"S5 strong K (dt0=0.005, K=1e-3)",Newton homotopy,True,5,3,0.012342300033196807
case_ACTIVSg500limit,"S5 strong K (dt0=0.005, K=1e-3)",scaled K,True,4,2,0.011360700009390712
case_ACTIVSg2000limit,-,NR flat,True,5,5,0.041288499953225255
case_ACTIVSg2000limit,-,NR flat + OM,True,5,5,0.040066099958494306
case_ACTIVSg2000limit,"S1 paper (dt0=0.005, K=1e-4)",BE (paper),True,5,3,0.04266129992902279
case_ACTIVSg2000limit,"S1 paper (dt0=0.005, K=1e-4)",BE-chord,True,6,4,0.05117470002733171
case_ACTIVSg2000limit,"S1 paper (dt0=0.005, K=1e-4)",BE-PC,True,6,2,0.04937360004987568
case_ACTIVSg2000limit,"S1 paper (dt0=0.005, K=1e-4)",BE + OM,True,5,3,0.042999799945391715
case_ACTIVSg2000limit,"S1 paper (dt0=0.005, K=1e-4)",BE-PC + OM,True,6,2,0.049757600063458085
case_ACTIVSg2000limit,"S1 paper (dt0=0.005, K=1e-4)",RK4,False,15,10,0.13889039994683117
case_ACTIVSg2000limit,"S1 paper (dt0=0.005, K=1e-4)",adaptive BE,True,14,2,0.11620350007433444
case_ACTIVSg2000limit,"S1 paper (dt0=0.005, K=1e-4)",adaptive BE-PC,True,5,2,0.0409854999743402
case_ACTIVSg2000limit,"S1 paper (dt0=0.005, K=1e-4)",Newton homotopy,True,6,4,0.04732959996908903
case_ACTIVSg2000limit,"S1 paper (dt0=0.005, K=1e-4)",scaled K,True,5,3,0.044743699952960014
case_ACTIVSg2000limit,"S2 Sec 4.4 (dt0=0.05, K=1e-3)",BE (paper),True,5,3,0.041591000044718385
case_ACTIVSg2000limit,"S2 Sec 4.4 (dt0=0.05, K=1e-3)",BE-chord,True,6,4,0.049447700032033026
case_ACTIVSg2000limit,"S2 Sec 4.4 (dt0=0.05, K=1e-3)",BE-PC,True,6,2,0.04821410006843507
case_ACTIVSg2000limit,"S2 Sec 4.4 (dt0=0.05, K=1e-3)",BE + OM,True,5,3,0.04032450006343424
case_ACTIVSg2000limit,"S2 Sec 4.4 (dt0=0.05, K=1e-3)",BE-PC + OM,True,6,2,0.050665499991737306
case_ACTIVSg2000limit,"S2 Sec 4.4 (dt0=0.05, K=1e-3)",RK4,False,15,10,0.13018320000264794
case_ACTIVSg2000limit,"S2 Sec 4.4 (dt0=0.05, K=1e-3)",adaptive BE,True,9,3,0.07395069999620318
case_ACTIVSg2000limit,"S2 Sec 4.4 (dt0=0.05, K=1e-3)",adaptive BE-PC,True,5,2,0.0410598999587819
case_ACTIVSg2000limit,"S2 Sec 4.4 (dt0=0.05, K=1e-3)",Newton homotopy,True,6,4,0.04880900005809963
case_ACTIVSg2000limit,"S2 Sec 4.4 (dt0=0.05, K=1e-3)",scaled K,True,5,3,0.04427670000586659
case_ACTIVSg2000limit,"S3 Sec 4.4 (dt0=0.1, K=2e-3)",BE (paper),True,5,3,0.04060479998588562
case_ACTIVSg2000limit,"S3 Sec 4.4 (dt0=0.1, K=2e-3)",BE-chord,True,6,4,0.05181780003476888
case_ACTIVSg2000limit,"S3 Sec 4.4 (dt0=0.1, K=2e-3)",BE-PC,True,6,2,0.04907169996295124
case_ACTIVSg2000limit,"S3 Sec 4.4 (dt0=0.1, K=2e-3)",BE + OM,True,5,3,0.04345960007049143
case_ACTIVSg2000limit,"S3 Sec 4.4 (dt0=0.1, K=2e-3)",BE-PC + OM,True,6,2,0.04934349993709475
case_ACTIVSg2000limit,"S3 Sec 4.4 (dt0=0.1, K=2e-3)",RK4,False,15,10,0.12103380006738007
case_ACTIVSg2000limit,"S3 Sec 4.4 (dt0=0.1, K=2e-3)",adaptive BE,True,7,3,0.0647659000242129
case_ACTIVSg2000limit,"S3 Sec 4.4 (dt0=0.1, K=2e-3)",adaptive BE-PC,True,5,2,0.04652650002390146
case_ACTIVSg2000limit,"S3 Sec 4.4 (dt0=0.1, K=2e-3)",Newton homotopy,True,6,4,0.05522850004490465
case_ACTIVSg2000limit,"S3 Sec 4.4 (dt0=0.1, K=2e-3)",scaled K,True,5,3,0.04399749997537583
case_ACTIVSg2000limit,"S4 weak K (dt0=0.005, K=1e-5)",BE (paper),True,5,3,0.04026499995961785
case_ACTIVSg2000limit,"S4 weak K (dt0=0.005, K=1e-5)",BE-chord,True,6,4,0.0517916000680998
case_ACTIVSg2000limit,"S4 weak K (dt0=0.005, K=1e-5)",BE-PC,True,5,1,0.041829199995845556
case_ACTIVSg2000limit,"S4 weak K (dt0=0.005, K=1e-5)",BE + OM,True,5,3,0.04103019996546209
case_ACTIVSg2000limit,"S4 weak K (dt0=0.005, K=1e-5)",BE-PC + OM,True,5,1,0.04108729993458837
case_ACTIVSg2000limit,"S4 weak K (dt0=0.005, K=1e-5)",RK4,False,15,10,0.13941740000154823
case_ACTIVSg2000limit,"S4 weak K (dt0=0.005, K=1e-5)",adaptive BE,True,14,2,0.11697679990902543
case_ACTIVSg2000limit,"S4 weak K (dt0=0.005, K=1e-5)",adaptive BE-PC,True,5,2,0.0407013000221923
case_ACTIVSg2000limit,"S4 weak K (dt0=0.005, K=1e-5)",Newton homotopy,True,6,4,0.04765550000593066
case_ACTIVSg2000limit,"S4 weak K (dt0=0.005, K=1e-5)",scaled K,True,5,3,0.042632500058971345
case_ACTIVSg2000limit,"S5 strong K (dt0=0.005, K=1e-3)",BE (paper),True,5,3,0.04130069992970675
case_ACTIVSg2000limit,"S5 strong K (dt0=0.005, K=1e-3)",BE-chord,True,6,4,0.049767000018619
case_ACTIVSg2000limit,"S5 strong K (dt0=0.005, K=1e-3)",BE-PC,True,6,2,0.048450900008901954
case_ACTIVSg2000limit,"S5 strong K (dt0=0.005, K=1e-3)",BE + OM,True,5,3,0.04100890003610402
case_ACTIVSg2000limit,"S5 strong K (dt0=0.005, K=1e-3)",BE-PC + OM,True,6,2,0.0506465999642387
case_ACTIVSg2000limit,"S5 strong K (dt0=0.005, K=1e-3)",RK4,False,15,10,0.14960620005149394
case_ACTIVSg2000limit,"S5 strong K (dt0=0.005, K=1e-3)",adaptive BE,True,9,3,0.08144390000961721
case_ACTIVSg2000limit,"S5 strong K (dt0=0.005, K=1e-3)",adaptive BE-PC,True,5,2,0.04129189997911453
case_ACTIVSg2000limit,"S5 strong K (dt0=0.005, K=1e-3)",Newton homotopy,True,6,4,0.04802520002704114
case_ACTIVSg2000limit,"S5 strong K (dt0=0.005, K=1e-3)",scaled K,True,5,3,0.04463819996453822
case6024,-,NR flat,False,10,10,0.17913750000298023
case6024,-,NR flat + OM,False,10,10,0.1995137999765575
case6024,"S1 paper (dt0=0.005, K=1e-4)",BE (paper),False,12,10,0.2436781000578776
case6024,"S1 paper (dt0=0.005, K=1e-4)",BE-chord,False,12,10,0.25118210003711283
case6024,"S1 paper (dt0=0.005, K=1e-4)",BE-PC,False,14,10,0.26492569991387427
case6024,"S1 paper (dt0=0.005, K=1e-4)",BE + OM,False,12,10,0.2257154000690207
case6024,"S1 paper (dt0=0.005, K=1e-4)",BE-PC + OM,False,14,10,0.26640040008351207
case6024,"S1 paper (dt0=0.005, K=1e-4)",RK4,False,15,10,0.3351915000239387
case6024,"S1 paper (dt0=0.005, K=1e-4)",adaptive BE,False,8,-1,0.1526713001076132
case6024,"S1 paper (dt0=0.005, K=1e-4)",adaptive BE-PC,False,19,-1,0.36540510004851967
case6024,"S1 paper (dt0=0.005, K=1e-4)",Newton homotopy,False,12,10,0.22941270004957914
case6024,"S1 paper (dt0=0.005, K=1e-4)",scaled K,False,12,10,0.2247434000018984
case6024,"S2 Sec 4.4 (dt0=0.05, K=1e-3)",BE (paper),False,12,10,0.22642399999313056
case6024,"S2 Sec 4.4 (dt0=0.05, K=1e-3)",BE-chord,False,12,10,0.22968029999174178
case6024,"S2 Sec 4.4 (dt0=0.05, K=1e-3)",BE-PC,False,14,10,0.2643887000158429
case6024,"S2 Sec 4.4 (dt0=0.05, K=1e-3)",BE + OM,False,12,10,0.22460489999502897
case6024,"S2 Sec 4.4 (dt0=0.05, K=1e-3)",BE-PC + OM,False,14,10,0.2647881000302732
case6024,"S2 Sec 4.4 (dt0=0.05, K=1e-3)",RK4,False,13,8,0.25626589998137206
case6024,"S2 Sec 4.4 (dt0=0.05, K=1e-3)",adaptive BE,True,17,4,0.30721350002568215
case6024,"S2 Sec 4.4 (dt0=0.05, K=1e-3)",adaptive BE-PC,False,17,10,0.3157934999326244
case6024,"S2 Sec 4.4 (dt0=0.05, K=1e-3)",Newton homotopy,False,12,10,0.24536279996391386
case6024,"S2 Sec 4.4 (dt0=0.05, K=1e-3)",scaled K,False,12,10,0.22409540007356554
case6024,"S3 Sec 4.4 (dt0=0.1, K=2e-3)",BE (paper),False,12,10,0.22781599999871105
case6024,"S3 Sec 4.4 (dt0=0.1, K=2e-3)",BE-chord,False,12,10,0.22893680003471673
case6024,"S3 Sec 4.4 (dt0=0.1, K=2e-3)",BE-PC,False,14,10,0.2566627999767661
case6024,"S3 Sec 4.4 (dt0=0.1, K=2e-3)",BE + OM,False,12,10,0.23800230002962053
case6024,"S3 Sec 4.4 (dt0=0.1, K=2e-3)",BE-PC + OM,False,14,10,0.2756832999875769
case6024,"S3 Sec 4.4 (dt0=0.1, K=2e-3)",RK4,False,15,10,0.3183699999935925
case6024,"S3 Sec 4.4 (dt0=0.1, K=2e-3)",adaptive BE,True,13,5,0.247662799898535
case6024,"S3 Sec 4.4 (dt0=0.1, K=2e-3)",adaptive BE-PC,False,19,-1,0.3651788999559358
case6024,"S3 Sec 4.4 (dt0=0.1, K=2e-3)",Newton homotopy,False,12,10,0.23102140007540584
case6024,"S3 Sec 4.4 (dt0=0.1, K=2e-3)",scaled K,False,12,10,0.22815520002041012
case6024,"S4 weak K (dt0=0.005, K=1e-5)",BE (paper),False,12,10,0.22005040000658482
case6024,"S4 weak K (dt0=0.005, K=1e-5)",BE-chord,False,12,10,0.24499180004931986
case6024,"S4 weak K (dt0=0.005, K=1e-5)",BE-PC,False,14,10,0.2704192999517545
case6024,"S4 weak K (dt0=0.005, K=1e-5)",BE + OM,False,12,10,0.2277841999894008
case6024,"S4 weak K (dt0=0.005, K=1e-5)",BE-PC + OM,False,14,10,0.2822172000305727
case6024,"S4 weak K (dt0=0.005, K=1e-5)",RK4,False,15,10,0.30110749998129904
case6024,"S4 weak K (dt0=0.005, K=1e-5)",adaptive BE,False,8,-1,0.15580509998835623
case6024,"S4 weak K (dt0=0.005, K=1e-5)",adaptive BE-PC,False,15,-1,0.2822588999988511
case6024,"S4 weak K (dt0=0.005, K=1e-5)",Newton homotopy,False,12,10,0.22301570000126958
case6024,"S4 weak K (dt0=0.005, K=1e-5)",scaled K,False,12,10,0.2208295000018552
case6024,"S5 strong K (dt0=0.005, K=1e-3)",BE (paper),True,6,4,0.1186951999552548
case6024,"S5 strong K (dt0=0.005, K=1e-3)",BE-chord,True,8,6,0.15716589998919517
case6024,"S5 strong K (dt0=0.005, K=1e-3)",BE-PC,True,6,2,0.10938179993536323
case6024,"S5 strong K (dt0=0.005, K=1e-3)",BE + OM,True,6,4,0.11062439996749163
case6024,"S5 strong K (dt0=0.005, K=1e-3)",BE-PC + OM,True,6,2,0.11182799993548542
case6024,"S5 strong K (dt0=0.005, K=1e-3)",RK4,False,15,10,0.295957800000906
case6024,"S5 strong K (dt0=0.005, K=1e-3)",adaptive BE,True,6,4,0.10520890005864203
case6024,"S5 strong K (dt0=0.005, K=1e-3)",adaptive BE-PC,True,6,3,0.10826029989402741
case6024,"S5 strong K (dt0=0.005, K=1e-3)",Newton homotopy,False,12,10,0.2147893999936059
case6024,"S5 strong K (dt0=0.005, K=1e-3)",scaled K,True,6,4,0.11313589999917895
case6243,-,NR flat,False,10,10,0.21024889999534935
case6243,-,NR flat + OM,False,10,10,0.20287329994607717
case6243,"S1 paper (dt0=0.005, K=1e-4)",BE (paper),True,6,4,0.13060280005447567
case6243,"S1 paper (dt0=0.005, K=1e-4)",BE-chord,False,12,10,0.2508039000676945
case6243,"S1 paper (dt0=0.005, K=1e-4)",BE-PC,True,6,2,0.12657039996702224
case6243,"S1 paper (dt0=0.005, K=1e-4)",BE + OM,True,6,4,0.14406590000726283
case6243,"S1 paper (dt0=0.005, K=1e-4)",BE-PC + OM,True,6,2,0.12479049991816282
case6243,"S1 paper (dt0=0.005, K=1e-4)",RK4,False,15,10,0.35241029993630946
case6243,"S1 paper (dt0=0.005, K=1e-4)",adaptive BE,True,6,4,0.11520570004358888
case6243,"S1 paper (dt0=0.005, K=1e-4)",adaptive BE-PC,True,6,3,0.12385520001407713
case6243,"S1 paper (dt0=0.005, K=1e-4)",Newton homotopy,False,12,10,0.25373570004012436
case6243,"S1 paper (dt0=0.005, K=1e-4)",scaled K,True,6,4,0.12316439999267459
case6243,"S2 Sec 4.4 (dt0=0.05, K=1e-3)",BE (paper),True,7,5,0.14186920004431158
case6243,"S2 Sec 4.4 (dt0=0.05, K=1e-3)",BE-chord,False,12,10,0.2447820999659598
case6243,"S2 Sec 4.4 (dt0=0.05, K=1e-3)",BE-PC,True,6,2,0.12361919996328652
case6243,"S2 Sec 4.4 (dt0=0.05, K=1e-3)",BE + OM,True,6,4,0.122447699890472
case6243,"S2 Sec 4.4 (dt0=0.05, K=1e-3)",BE-PC + OM,True,6,2,0.12467220006510615
case6243,"S2 Sec 4.4 (dt0=0.05, K=1e-3)",RK4,False,15,10,0.3147693000501022
case6243,"S2 Sec 4.4 (dt0=0.05, K=1e-3)",adaptive BE,True,7,5,0.1409484000178054
case6243,"S2 Sec 4.4 (dt0=0.05, K=1e-3)",adaptive BE-PC,True,7,4,0.14025449997279793
case6243,"S2 Sec 4.4 (dt0=0.05, K=1e-3)",Newton homotopy,False,12,10,0.24609259993303567
case6243,"S2 Sec 4.4 (dt0=0.05, K=1e-3)",scaled K,True,7,5,0.14218590001109987
case6243,"S3 Sec 4.4 (dt0=0.1, K=2e-3)",BE (paper),True,7,5,0.13368690002243966
case6243,"S3 Sec 4.4 (dt0=0.1, K=2e-3)",BE-chord,True,10,8,0.20049060008022934
case6243,"S3 Sec 4.4 (dt0=0.1, K=2e-3)",BE-PC,True,7,3,0.14305429998785257
case6243,"S3 Sec 4.4 (dt0=0.1, K=2e-3)",BE + OM,True,7,5,0.152168000000529
case6243,"S3 Sec 4.4 (dt0=0.1, K=2e-3)",BE-PC + OM,True,6,2,0.12148309999611229
case6243,"S3 Sec 4.4 (dt0=0.1, K=2e-3)",RK4,False,15,10,0.3189631000859663
case6243,"S3 Sec 4.4 (dt0=0.1, K=2e-3)",adaptive BE,True,7,5,0.13783100002910942
case6243,"S3 Sec 4.4 (dt0=0.1, K=2e-3)",adaptive BE-PC,True,7,4,0.13719780009705573
case6243,"S3 Sec 4.4 (dt0=0.1, K=2e-3)",Newton homotopy,False,12,10,0.24302389996591955
case6243,"S3 Sec 4.4 (dt0=0.1, K=2e-3)",scaled K,True,7,5,0.1455514000263065
case6243,"S4 weak K (dt0=0.005, K=1e-5)",BE (paper),False,12,10,0.24619849992450327
case6243,"S4 weak K (dt0=0.005, K=1e-5)",BE-chord,False,12,10,0.2728707999922335
case6243,"S4 weak K (dt0=0.005, K=1e-5)",BE-PC,False,14,10,0.2911059999605641
case6243,"S4 weak K (dt0=0.005, K=1e-5)",BE + OM,False,12,10,0.2694221999263391
case6243,"S4 weak K (dt0=0.005, K=1e-5)",BE-PC + OM,False,14,10,0.29109009995590895
case6243,"S4 weak K (dt0=0.005, K=1e-5)",RK4,False,15,10,0.3256134999683127
case6243,"S4 weak K (dt0=0.005, K=1e-5)",adaptive BE,False,8,-1,0.16156659997068346
case6243,"S4 weak K (dt0=0.005, K=1e-5)",adaptive BE-PC,False,15,-1,0.30223059991840273
case6243,"S4 weak K (dt0=0.005, K=1e-5)",Newton homotopy,False,12,10,0.2496947000036016
case6243,"S4 weak K (dt0=0.005, K=1e-5)",scaled K,False,12,10,0.24292719992808998
case6243,"S5 strong K (dt0=0.005, K=1e-3)",BE (paper),True,6,4,0.11602210009004921
case6243,"S5 strong K (dt0=0.005, K=1e-3)",BE-chord,True,7,5,0.14406590000726283
case6243,"S5 strong K (dt0=0.005, K=1e-3)",BE-PC,True,6,2,0.11716609995346516
case6243,"S5 strong K (dt0=0.005, K=1e-3)",BE + OM,True,6,4,0.121099500101991
case6243,"S5 strong K (dt0=0.005, K=1e-3)",BE-PC + OM,True,6,2,0.11948520003352314
case6243,"S5 strong K (dt0=0.005, K=1e-3)",RK4,False,15,10,0.3236266999738291
case6243,"S5 strong K (dt0=0.005, K=1e-3)",adaptive BE,True,6,4,0.11954059998970479
case6243,"S5 strong K (dt0=0.005, K=1e-3)",adaptive BE-PC,True,6,3,0.11991390003822744
case6243,"S5 strong K (dt0=0.005, K=1e-3)",Newton homotopy,False,12,10,0.24516920000314713
case6243,"S5 strong K (dt0=0.005, K=1e-3)",scaled K,True,6,4,0.12156999995931983
case6748,-,NR flat,False,10,10,0.21426809998229146
case6748,-,NR flat + OM,False,10,10,0.21983389998786151
case6748,"S1 paper (dt0=0.005, K=1e-4)",BE (paper),False,12,10,0.24538850004319102
case6748,"S1 paper (dt0=0.005, K=1e-4)",BE-chord,False,12,10,0.2786636999808252
case6748,"S1 paper (dt0=0.005, K=1e-4)",BE-PC,False,14,10,0.28667229996062815
case6748,"S1 paper (dt0=0.005, K=1e-4)",BE + OM,False,12,10,0.25448090001009405
case6748,"S1 paper (dt0=0.005, K=1e-4)",BE-PC + OM,False,14,10,0.3280814999016002
case6748,"S1 paper (dt0=0.005, K=1e-4)",RK4,False,15,10,0.34840810007881373
case6748,"S1 paper (dt0=0.005, K=1e-4)",adaptive BE,True,19,4,0.393973600002937
case6748,"S1 paper (dt0=0.005, K=1e-4)",adaptive BE-PC,False,21,10,0.4352781999623403
case6748,"S1 paper (dt0=0.005, K=1e-4)",Newton homotopy,False,12,10,0.2603387999115512
case6748,"S1 paper (dt0=0.005, K=1e-4)",scaled K,False,12,10,0.25520800007507205
case6748,"S2 Sec 4.4 (dt0=0.05, K=1e-3)",BE (paper),False,12,10,0.2514304999494925
case6748,"S2 Sec 4.4 (dt0=0.05, K=1e-3)",BE-chord,False,12,10,0.24471009999979287
case6748,"S2 Sec 4.4 (dt0=0.05, K=1e-3)",BE-PC,False,14,10,0.2916054999222979
case6748,"S2 Sec 4.4 (dt0=0.05, K=1e-3)",BE + OM,False,12,10,0.24829989997670054
case6748,"S2 Sec 4.4 (dt0=0.05, K=1e-3)",BE-PC + OM,False,14,10,0.2930271999211982
case6748,"S2 Sec 4.4 (dt0=0.05, K=1e-3)",RK4,False,15,10,0.3223328000167385
case6748,"S2 Sec 4.4 (dt0=0.05, K=1e-3)",adaptive BE,True,14,4,0.2882433000486344
case6748,"S2 Sec 4.4 (dt0=0.05, K=1e-3)",adaptive BE-PC,False,29,-1,0.5918101000133902
case6748,"S2 Sec 4.4 (dt0=0.05, K=1e-3)",Newton homotopy,False,12,10,0.2488716000225395
case6748,"S2 Sec 4.4 (dt0=0.05, K=1e-3)",scaled K,False,12,10,0.2502402000827715
case6748,"S3 Sec 4.4 (dt0=0.1, K=2e-3)",BE (paper),False,12,10,0.2483985999133438
case6748,"S3 Sec 4.4 (dt0=0.1, K=2e-3)",BE-chord,False,12,10,0.2573571999091655
case6748,"S3 Sec 4.4 (dt0=0.1, K=2e-3)",BE-PC,False,14,10,0.2834024000912905
case6748,"S3 Sec 4.4 (dt0=0.1, K=2e-3)",BE + OM,False,12,10,0.2511159999994561
case6748,"S3 Sec 4.4 (dt0=0.1, K=2e-3)",BE-PC + OM,False,14,10,0.28941879991907626
case6748,"S3 Sec 4.4 (dt0=0.1, K=2e-3)",RK4,False,15,10,0.32587729999795556
case6748,"S3 Sec 4.4 (dt0=0.1, K=2e-3)",adaptive BE,False,144,-1,3.117095800000243
case6748,"S3 Sec 4.4 (dt0=0.1, K=2e-3)",adaptive BE-PC,True,37,2,0.7624053999315947
case6748,"S3 Sec 4.4 (dt0=0.1, K=2e-3)",Newton homotopy,False,12,10,0.24859279999509454
case6748,"S3 Sec 4.4 (dt0=0.1, K=2e-3)",scaled K,False,12,10,0.25298190000467
case6748,"S4 weak K (dt0=0.005, K=1e-5)",BE (paper),False,12,10,0.253571999957785
case6748,"S4 weak K (dt0=0.005, K=1e-5)",BE-chord,False,12,10,0.2743194999638945
case6748,"S4 weak K (dt0=0.005, K=1e-5)",BE-PC,False,14,10,0.29690660000778735
case6748,"S4 weak K (dt0=0.005, K=1e-5)",BE + OM,False,12,10,0.2523016999475658
case6748,"S4 weak K (dt0=0.005, K=1e-5)",BE-PC + OM,False,14,10,0.30244809994474053
case6748,"S4 weak K (dt0=0.005, K=1e-5)",RK4,False,15,10,0.35621170001104474
case6748,"S4 weak K (dt0=0.005, K=1e-5)",adaptive BE,False,8,-1,0.1839697000104934
case6748,"S4 weak K (dt0=0.005, K=1e-5)",adaptive BE-PC,False,15,-1,0.32000299997162074
case6748,"S4 weak K (dt0=0.005, K=1e-5)",Newton homotopy,False,12,10,0.26461970002856106
case6748,"S4 weak K (dt0=0.005, K=1e-5)",scaled K,False,12,10,0.27150850009638816
case6748,"S5 strong K (dt0=0.005, K=1e-3)",BE (paper),True,7,5,0.14100179995875806
case6748,"S5 strong K (dt0=0.005, K=1e-3)",BE-chord,False,12,10,0.24370680004358292
case6748,"S5 strong K (dt0=0.005, K=1e-3)",BE-PC,True,6,2,0.12315139989368618
case6748,"S5 strong K (dt0=0.005, K=1e-3)",BE + OM,True,7,5,0.14779890002682805
case6748,"S5 strong K (dt0=0.005, K=1e-3)",BE-PC + OM,True,6,2,0.12281319999601692
case6748,"S5 strong K (dt0=0.005, K=1e-3)",RK4,False,11,6,0.24025220004841685
case6748,"S5 strong K (dt0=0.005, K=1e-3)",adaptive BE,True,7,5,0.13969099998939782
case6748,"S5 strong K (dt0=0.005, K=1e-3)",adaptive BE-PC,True,7,4,0.14234840008430183
case6748,"S5 strong K (dt0=0.005, K=1e-3)",Newton homotopy,False,12,10,0.2917167000705376
case6748,"S5 strong K (dt0=0.005, K=1e-3)",scaled K,True,7,5,0.151353899971582
case7092,-,NR flat,False,10,10,0.2195633000228554
case7092,-,NR flat + OM,False,10,10,0.22266440000385046
case7092,"S1 paper (dt0=0.005, K=1e-4)",BE (paper),True,6,4,0.12718009995296597
case7092,"S1 paper (dt0=0.005, K=1e-4)",BE-chord,True,7,5,0.15343760000541806
case7092,"S1 paper (dt0=0.005, K=1e-4)",BE-PC,True,6,2,0.13093129999469966
case7092,"S1 paper (dt0=0.005, K=1e-4)",BE + OM,True,6,4,0.13705010002013296
case7092,"S1 paper (dt0=0.005, K=1e-4)",BE-PC + OM,True,6,2,0.12910929997451603
case7092,"S1 paper (dt0=0.005, K=1e-4)",RK4,False,15,10,0.35063650005031377
case7092,"S1 paper (dt0=0.005, K=1e-4)",adaptive BE,True,6,4,0.12877180008217692
case7092,"S1 paper (dt0=0.005, K=1e-4)",adaptive BE-PC,True,6,3,0.12823010003194213
case7092,"S1 paper (dt0=0.005, K=1e-4)",Newton homotopy,False,12,10,0.25452079996466637
case7092,"S1 paper (dt0=0.005, K=1e-4)",scaled K,True,6,4,0.15094700001645833
case7092,"S2 Sec 4.4 (dt0=0.05, K=1e-3)",BE (paper),True,6,4,0.12625019997358322
case7092,"S2 Sec 4.4 (dt0=0.05, K=1e-3)",BE-chord,True,7,5,0.16670309996698052
case7092,"S2 Sec 4.4 (dt0=0.05, K=1e-3)",BE-PC,True,6,2,0.12932250008452684
case7092,"S2 Sec 4.4 (dt0=0.05, K=1e-3)",BE + OM,True,6,4,0.13038360001519322
case7092,"S2 Sec 4.4 (dt0=0.05, K=1e-3)",BE-PC + OM,True,6,2,0.1296724999556318
case7092,"S2 Sec 4.4 (dt0=0.05, K=1e-3)",RK4,False,15,10,0.3419707000721246
case7092,"S2 Sec 4.4 (dt0=0.05, K=1e-3)",adaptive BE,True,6,4,0.1319530000910163
case7092,"S2 Sec 4.4 (dt0=0.05, K=1e-3)",adaptive BE-PC,True,6,3,0.13967950001824647
case7092,"S2 Sec 4.4 (dt0=0.05, K=1e-3)",Newton homotopy,False,12,10,0.27688739995937794
case7092,"S2 Sec 4.4 (dt0=0.05, K=1e-3)",scaled K,True,6,4,0.1282330999383703
case7092,"S3 Sec 4.4 (dt0=0.1, K=2e-3)",BE (paper),True,6,4,0.12715340009890497
case7092,"S3 Sec 4.4 (dt0=0.1, K=2e-3)",BE-chord,True,7,5,0.16319069999735802
case7092,"S3 Sec 4.4 (dt0=0.1, K=2e-3)",BE-PC,True,6,2,0.13129819999448955
case7092,"S3 Sec 4.4 (dt0=0.1, K=2e-3)",BE + OM,True,6,4,0.12769700004719198
case7092,"S3 Sec 4.4 (dt0=0.1, K=2e-3)",BE-PC + OM,True,6,2,0.13190480007324368
case7092,"S3 Sec 4.4 (dt0=0.1, K=2e-3)",RK4,True,15,10,0.31336320005357265
case7092,"S3 Sec 4.4 (dt0=0.1, K=2e-3)",adaptive BE,True,6,4,0.1296773999929428
case7092,"S3 Sec 4.4 (dt0=0.1, K=2e-3)",adaptive BE-PC,True,6,3,0.12793249997776002
case7092,"S3 Sec 4.4 (dt0=0.1, K=2e-3)",Newton homotopy,False,12,10,0.25494560005608946
case7092,"S3 Sec 4.4 (dt0=0.1, K=2e-3)",scaled K,True,6,4,0.13682509993668646
case7092,"S4 weak K (dt0=0.005, K=1e-5)",BE (paper),False,12,10,0.266721099964343
case7092,"S4 weak K (dt0=0.005, K=1e-5)",BE-chord,False,12,10,0.258694100077264
case7092,"S4 weak K (dt0=0.005, K=1e-5)",BE-PC,False,14,10,0.3116512999404222
case7092,"S4 weak K (dt0=0.005, K=1e-5)",BE + OM,False,12,10,0.2696455999976024
case7092,"S4 weak K (dt0=0.005, K=1e-5)",BE-PC + OM,False,14,10,0.34239650005474687
case7092,"S4 weak K (dt0=0.005, K=1e-5)",RK4,False,15,10,1.0919552000705153
case7092,"S4 weak K (dt0=0.005, K=1e-5)",adaptive BE,False,8,-1,0.7983603000175208
case7092,"S4 weak K (dt0=0.005, K=1e-5)",adaptive BE-PC,False,15,-1,1.5909862000262365
case7092,"S4 weak K (dt0=0.005, K=1e-5)",Newton homotopy,False,12,10,1.1982443999731913
case7092,"S4 weak K (dt0=0.005, K=1e-5)",scaled K,False,12,10,1.3744514000136405
case7092,"S5 strong K (dt0=0.005, K=1e-3)",BE (paper),True,5,3,0.5634611999848858
case7092,"S5 strong K (dt0=0.005, K=1e-3)",BE-chord,True,6,4,0.6390587999485433
case7092,"S5 strong K (dt0=0.005, K=1e-3)",BE-PC,True,6,2,0.6469727999065071
case7092,"S5 strong K (dt0=0.005, K=1e-3)",BE + OM,True,5,3,0.5410691999131814
case7092,"S5 strong K (dt0=0.005, K=1e-3)",BE-PC + OM,True,6,2,0.6488873000489548
case7092,"S5 strong K (dt0=0.005, K=1e-3)",RK4,False,15,10,1.73711679992266
case7092,"S5 strong K (dt0=0.005, K=1e-3)",adaptive BE,True,5,3,0.5201917999656871
case7092,"S5 strong K (dt0=0.005, K=1e-3)",adaptive BE-PC,True,5,2,0.49951220001094043
case7092,"S5 strong K (dt0=0.005, K=1e-3)",Newton homotopy,False,12,10,1.2298784999875352
case7092,"S5 strong K (dt0=0.005, K=1e-3)",scaled K,True,5,3,0.5872508999891579
case9961,-,NR flat,False,10,10,1.5009003999875858
case9961,-,NR flat + OM,False,10,10,1.4641289000865072
case9961,"S1 paper (dt0=0.005, K=1e-4)",BE (paper),True,6,4,0.8931486000074074
case9961,"S1 paper (dt0=0.005, K=1e-4)",BE-chord,True,7,5,1.0383392999647185
case9961,"S1 paper (dt0=0.005, K=1e-4)",BE-PC,True,6,2,0.8983701999532059
case9961,"S1 paper (dt0=0.005, K=1e-4)",BE + OM,True,6,4,0.84932719997596
case9961,"S1 paper (dt0=0.005, K=1e-4)",BE-PC + OM,True,6,2,0.8559050000039861
case9961,"S1 paper (dt0=0.005, K=1e-4)",RK4,False,15,10,2.4296974000753835
case9961,"S1 paper (dt0=0.005, K=1e-4)",adaptive BE,True,6,4,0.8898781999014318
case9961,"S1 paper (dt0=0.005, K=1e-4)",adaptive BE-PC,True,6,3,0.8699202999705449
case9961,"S1 paper (dt0=0.005, K=1e-4)",Newton homotopy,False,12,10,1.7341329000191763
case9961,"S1 paper (dt0=0.005, K=1e-4)",scaled K,True,6,4,0.8378433000762016
case9961,"S2 Sec 4.4 (dt0=0.05, K=1e-3)",BE (paper),True,6,4,0.8589817999163643
case9961,"S2 Sec 4.4 (dt0=0.05, K=1e-3)",BE-chord,True,7,5,1.0508687000256032
case9961,"S2 Sec 4.4 (dt0=0.05, K=1e-3)",BE-PC,True,6,2,0.8671083000954241
case9961,"S2 Sec 4.4 (dt0=0.05, K=1e-3)",BE + OM,True,6,4,0.8800643999129534
case9961,"S2 Sec 4.4 (dt0=0.05, K=1e-3)",BE-PC + OM,True,6,2,0.8876563999801874
case9961,"S2 Sec 4.4 (dt0=0.05, K=1e-3)",RK4,False,15,10,2.3540011000586674
case9961,"S2 Sec 4.4 (dt0=0.05, K=1e-3)",adaptive BE,True,6,4,0.8395227999426425
case9961,"S2 Sec 4.4 (dt0=0.05, K=1e-3)",adaptive BE-PC,True,6,3,0.8659082000376657
case9961,"S2 Sec 4.4 (dt0=0.05, K=1e-3)",Newton homotopy,False,12,10,1.6572638000361621
case9961,"S2 Sec 4.4 (dt0=0.05, K=1e-3)",scaled K,True,6,4,0.9254130000481382
case9961,"S3 Sec 4.4 (dt0=0.1, K=2e-3)",BE (paper),True,7,5,0.9992902000667527
case9961,"S3 Sec 4.4 (dt0=0.1, K=2e-3)",BE-chord,True,7,5,1.0671643000096083
case9961,"S3 Sec 4.4 (dt0=0.1, K=2e-3)",BE-PC,True,6,2,0.8584059999557212
case9961,"S3 Sec 4.4 (dt0=0.1, K=2e-3)",BE + OM,True,6,4,0.9207982999505475
case9961,"S3 Sec 4.4 (dt0=0.1, K=2e-3)",BE-PC + OM,True,6,2,0.9109966000542045
case9961,"S3 Sec 4.4 (dt0=0.1, K=2e-3)",RK4,False,15,10,2.1815494999755174
case9961,"S3 Sec 4.4 (dt0=0.1, K=2e-3)",adaptive BE,True,7,5,0.9766904000425711
case9961,"S3 Sec 4.4 (dt0=0.1, K=2e-3)",adaptive BE-PC,True,7,4,1.0862785000354052
case9961,"S3 Sec 4.4 (dt0=0.1, K=2e-3)",Newton homotopy,False,12,10,1.7421381999738514
case9961,"S3 Sec 4.4 (dt0=0.1, K=2e-3)",scaled K,True,7,5,1.021807299926877
case9961,"S4 weak K (dt0=0.005, K=1e-5)",BE (paper),False,12,10,1.777635300066322
case9961,"S4 weak K (dt0=0.005, K=1e-5)",BE-chord,False,12,10,1.8842720999382436
case9961,"S4 weak K (dt0=0.005, K=1e-5)",BE-PC,False,14,10,2.0282064999919385
case9961,"S4 weak K (dt0=0.005, K=1e-5)",BE + OM,False,12,10,1.7266620000591502
case9961,"S4 weak K (dt0=0.005, K=1e-5)",BE-PC + OM,False,14,10,2.069698699982837
case9961,"S4 weak K (dt0=0.005, K=1e-5)",RK4,False,15,10,2.296245099976659
case9961,"S4 weak K (dt0=0.005, K=1e-5)",adaptive BE,False,20,10,2.910433499957435
case9961,"S4 weak K (dt0=0.005, K=1e-5)",adaptive BE-PC,False,15,-1,2.185734900063835
case9961,"S4 weak K (dt0=0.005, K=1e-5)",Newton homotopy,False,12,10,1.7381396000273526
case9961,"S4 weak K (dt0=0.005, K=1e-5)",scaled K,False,12,10,1.773412900045514
case9961,"S5 strong K (dt0=0.005, K=1e-3)",BE (paper),True,6,4,0.8460108999861404
case9961,"S5 strong K (dt0=0.005, K=1e-3)",BE-chord,True,6,4,0.8831107000587508
case9961,"S5 strong K (dt0=0.005, K=1e-3)",BE-PC,True,6,2,0.9009550999617204
case9961,"S5 strong K (dt0=0.005, K=1e-3)",BE + OM,True,5,3,0.7994968000566587
case9961,"S5 strong K (dt0=0.005, K=1e-3)",BE-PC + OM,True,6,2,0.8802984999492764
case9961,"S5 strong K (dt0=0.005, K=1e-3)",RK4,False,15,10,2.283321899943985
case9961,"S5 strong K (dt0=0.005, K=1e-3)",adaptive BE,True,6,4,0.8552474000025541
case9961,"S5 strong K (dt0=0.005, K=1e-3)",adaptive BE-PC,True,6,3,0.8927267999388278
case9961,"S5 strong K (dt0=0.005, K=1e-3)",Newton homotopy,False,12,10,1.7161500999936834
case9961,"S5 strong K (dt0=0.005, K=1e-3)",scaled K,True,6,4,0.901184199959971
case10595,-,NR flat,False,10,10,1.6029521999880672
case10595,-,NR flat + OM,False,10,10,1.9318795999279246
case10595,"S1 paper (dt0=0.005, K=1e-4)",BE (paper),True,6,4,1.0902616999810562
case10595,"S1 paper (dt0=0.005, K=1e-4)",BE-chord,True,6,4,1.1474377000704408
case10595,"S1 paper (dt0=0.005, K=1e-4)",BE-PC,True,6,2,1.1675802000099793
case10595,"S1 paper (dt0=0.005, K=1e-4)",BE + OM,True,5,3,0.9222693999763578
case10595,"S1 paper (dt0=0.005, K=1e-4)",BE-PC + OM,True,6,2,1.1264774999581277
case10595,"S1 paper (dt0=0.005, K=1e-4)",RK4,False,15,10,3.0808488000184298
case10595,"S1 paper (dt0=0.005, K=1e-4)",adaptive BE,True,6,4,1.086374199949205
case10595,"S1 paper (dt0=0.005, K=1e-4)",adaptive BE-PC,True,6,3,1.1002145999809727
case10595,"S1 paper (dt0=0.005, K=1e-4)",Newton homotopy,False,12,10,2.188135499949567
case10595,"S1 paper (dt0=0.005, K=1e-4)",scaled K,True,6,4,1.256109100067988
case10595,"S2 Sec 4.4 (dt0=0.05, K=1e-3)",BE (paper),True,6,4,1.1294424999505281
case10595,"S2 Sec 4.4 (dt0=0.05, K=1e-3)",BE-chord,True,7,5,1.3460756000131369
case10595,"S2 Sec 4.4 (dt0=0.05, K=1e-3)",BE-PC,True,6,2,1.2255298000527546
case10595,"S2 Sec 4.4 (dt0=0.05, K=1e-3)",BE + OM,True,6,4,1.1670695999637246
case10595,"S2 Sec 4.4 (dt0=0.05, K=1e-3)",BE-PC + OM,True,6,2,1.1049672999652103
case10595,"S2 Sec 4.4 (dt0=0.05, K=1e-3)",RK4,False,15,10,2.9292392999632284
case10595,"S2 Sec 4.4 (dt0=0.05, K=1e-3)",adaptive BE,True,6,4,1.1055169999599457
case10595,"S2 Sec 4.4 (dt0=0.05, K=1e-3)",adaptive BE-PC,True,6,3,1.0383021000307053
case10595,"S2 Sec 4.4 (dt0=0.05, K=1e-3)",Newton homotopy,False,12,10,1.7290966999717057
case10595,"S2 Sec 4.4 (dt0=0.05, K=1e-3)",scaled K,True,6,4,1.0876107999356464
case10595,"S3 Sec 4.4 (dt0=0.1, K=2e-3)",BE (paper),True,6,4,1.0643200000049546
case10595,"S3 Sec 4.4 (dt0=0.1, K=2e-3)",BE-chord,True,6,4,1.2018391999881715
case10595,"S3 Sec 4.4 (dt0=0.1, K=2e-3)",BE-PC,True,6,2,1.0410267999395728
case10595,"S3 Sec 4.4 (dt0=0.1, K=2e-3)",BE + OM,True,6,4,1.1100953000131994
case10595,"S3 Sec 4.4 (dt0=0.1, K=2e-3)",BE-PC + OM,True,6,2,1.1679655999178067
case10595,"S3 Sec 4.4 (dt0=0.1, K=2e-3)",RK4,False,15,10,2.344161399989389
case10595,"S3 Sec 4.4 (dt0=0.1, K=2e-3)",adaptive BE,True,6,4,1.0915361000224948
case10595,"S3 Sec 4.4 (dt0=0.1, K=2e-3)",adaptive BE-PC,True,6,3,1.131418399978429
case10595,"S3 Sec 4.4 (dt0=0.1, K=2e-3)",Newton homotopy,True,11,9,2.014654199942015
case10595,"S3 Sec 4.4 (dt0=0.1, K=2e-3)",scaled K,True,6,4,1.1240056999959052
case10595,"S4 weak K (dt0=0.005, K=1e-5)",BE (paper),False,12,10,2.1785852999892086
case10595,"S4 weak K (dt0=0.005, K=1e-5)",BE-chord,False,12,10,2.4768174999626353
case10595,"S4 weak K (dt0=0.005, K=1e-5)",BE-PC,False,14,10,2.5649874000810087
case10595,"S4 weak K (dt0=0.005, K=1e-5)",BE + OM,True,11,9,2.0100868999725208
case10595,"S4 weak K (dt0=0.005, K=1e-5)",BE-PC + OM,False,14,10,2.5722685999935493
case10595,"S4 weak K (dt0=0.005, K=1e-5)",RK4,False,15,10,3.031001300085336
case10595,"S4 weak K (dt0=0.005, K=1e-5)",adaptive BE,False,8,-1,1.5034349999623373
case10595,"S4 weak K (dt0=0.005, K=1e-5)",adaptive BE-PC,False,15,-1,2.8140955000417307
case10595,"S4 weak K (dt0=0.005, K=1e-5)",Newton homotopy,False,12,10,2.1621336999814957
case10595,"S4 weak K (dt0=0.005, K=1e-5)",scaled K,False,12,10,2.3131245999829844
case10595,"S5 strong K (dt0=0.005, K=1e-3)",BE (paper),True,5,3,0.920699100010097
case10595,"S5 strong K (dt0=0.005, K=1e-3)",BE-chord,True,6,4,1.0762961000436917
case10595,"S5 strong K (dt0=0.005, K=1e-3)",BE-PC,True,6,2,1.0375196000095457
case10595,"S5 strong K (dt0=0.005, K=1e-3)",BE + OM,True,5,3,0.9227112999651581
case10595,"S5 strong K (dt0=0.005, K=1e-3)",BE-PC + OM,True,6,2,1.1402181999292225
case10595,"S5 strong K (dt0=0.005, K=1e-3)",RK4,False,15,10,2.9497154999990016
case10595,"S5 strong K (dt0=0.005, K=1e-3)",adaptive BE,True,5,3,1.0334412000374869
case10595,"S5 strong K (dt0=0.005, K=1e-3)",adaptive BE-PC,True,5,2,0.955235300003551
case10595,"S5 strong K (dt0=0.005, K=1e-3)",Newton homotopy,False,12,10,2.011592800030485
case10595,"S5 strong K (dt0=0.005, K=1e-3)",scaled K,True,5,3,0.6591191999614239
case12110,-,NR flat,False,10,10,0.4577027999330312
case12110,-,NR flat + OM,True,9,9,0.4019336000783369
case12110,"S1 paper (dt0=0.005, K=1e-4)",BE (paper),True,5,3,0.23767970001790673
case12110,"S1 paper (dt0=0.005, K=1e-4)",BE-chord,True,6,4,0.29152630001772195
case12110,"S1 paper (dt0=0.005, K=1e-4)",BE-PC,True,6,2,0.2720519000431523
case12110,"S1 paper (dt0=0.005, K=1e-4)",BE + OM,True,5,3,0.2172969999955967
case12110,"S1 paper (dt0=0.005, K=1e-4)",BE-PC + OM,True,6,2,0.2792685000458732
case12110,"S1 paper (dt0=0.005, K=1e-4)",RK4,False,15,10,2.3791608000174165
case12110,"S1 paper (dt0=0.005, K=1e-4)",adaptive BE,True,5,3,1.0554775000782683
case12110,"S1 paper (dt0=0.005, K=1e-4)",adaptive BE-PC,True,5,2,1.0319404000183567
case12110,"S1 paper (dt0=0.005, K=1e-4)",Newton homotopy,False,12,10,2.4774069999111816
case12110,"S1 paper (dt0=0.005, K=1e-4)",scaled K,True,6,4,1.25535609992221
case12110,"S2 Sec 4.4 (dt0=0.05, K=1e-3)",BE (paper),True,6,4,1.1848587000276893
case12110,"S2 Sec 4.4 (dt0=0.05, K=1e-3)",BE-chord,True,7,5,1.539547000080347
case12110,"S2 Sec 4.4 (dt0=0.05, K=1e-3)",BE-PC,True,6,2,1.2032737000845373
case12110,"S2 Sec 4.4 (dt0=0.05, K=1e-3)",BE + OM,True,6,4,1.195812499965541
case12110,"S2 Sec 4.4 (dt0=0.05, K=1e-3)",BE-PC + OM,True,6,2,1.2518891000654548
case12110,"S2 Sec 4.4 (dt0=0.05, K=1e-3)",RK4,False,15,10,3.2235445000696927
case12110,"S2 Sec 4.4 (dt0=0.05, K=1e-3)",adaptive BE,True,6,4,1.2752601999090984
case12110,"S2 Sec 4.4 (dt0=0.05, K=1e-3)",adaptive BE-PC,True,6,3,1.2869764999486506
case12110,"S2 Sec 4.4 (dt0=0.05, K=1e-3)",Newton homotopy,False,12,10,2.4387153999414295
case12110,"S2 Sec 4.4 (dt0=0.05, K=1e-3)",scaled K,True,6,4,1.3191123000578955
case12110,"S3 Sec 4.4 (dt0=0.1, K=2e-3)",BE (paper),True,6,4,1.297221599961631
case12110,"S3 Sec 4.4 (dt0=0.1, K=2e-3)",BE-chord,True,6,4,1.267384700011462
case12110,"S3 Sec 4.4 (dt0=0.1, K=2e-3)",BE-PC,True,6,2,1.2964971999172121
case12110,"S3 Sec 4.4 (dt0=0.1, K=2e-3)",BE + OM,True,6,4,1.2207059999927878
case12110,"S3 Sec 4.4 (dt0=0.1, K=2e-3)",BE-PC + OM,True,6,2,1.3197876999620348
case12110,"S3 Sec 4.4 (dt0=0.1, K=2e-3)",RK4,False,15,10,3.0651747999945655
case12110,"S3 Sec 4.4 (dt0=0.1, K=2e-3)",adaptive BE,True,6,4,1.2298105000518262
case12110,"S3 Sec 4.4 (dt0=0.1, K=2e-3)",adaptive BE-PC,True,6,3,1.2357234000228345
case12110,"S3 Sec 4.4 (dt0=0.1, K=2e-3)",Newton homotopy,False,12,10,2.4029207000276074
case12110,"S3 Sec 4.4 (dt0=0.1, K=2e-3)",scaled K,True,6,4,1.2554581000003964
case12110,"S4 weak K (dt0=0.005, K=1e-5)",BE (paper),False,12,10,2.559955000062473
case12110,"S4 weak K (dt0=0.005, K=1e-5)",BE-chord,False,12,10,2.5925784000428393
case12110,"S4 weak K (dt0=0.005, K=1e-5)",BE-PC,False,14,10,2.792966300039552
case12110,"S4 weak K (dt0=0.005, K=1e-5)",BE + OM,False,12,10,2.5835803999798372
case12110,"S4 weak K (dt0=0.005, K=1e-5)",BE-PC + OM,True,12,8,2.4069463999476284
case12110,"S4 weak K (dt0=0.005, K=1e-5)",RK4,False,15,10,3.4715392000507563
case12110,"S4 weak K (dt0=0.005, K=1e-5)",adaptive BE,False,8,-1,1.5663683000020683
case12110,"S4 weak K (dt0=0.005, K=1e-5)",adaptive BE-PC,False,15,-1,3.188417400000617
case12110,"S4 weak K (dt0=0.005, K=1e-5)",Newton homotopy,False,12,10,2.3905962000135332
case12110,"S4 weak K (dt0=0.005, K=1e-5)",scaled K,False,12,10,2.643780800048262
case12110,"S5 strong K (dt0=0.005, K=1e-3)",BE (paper),True,5,3,0.99580060003791
case12110,"S5 strong K (dt0=0.005, K=1e-3)",BE-chord,True,6,4,1.2466115000424907
case12110,"S5 strong K (dt0=0.005, K=1e-3)",BE-PC,True,6,2,1.2375898000318557
case12110,"S5 strong K (dt0=0.005, K=1e-3)",BE + OM,True,5,3,1.1707137000048533
case12110,"S5 strong K (dt0=0.005, K=1e-3)",BE-PC + OM,True,6,2,1.2015662998892367
case12110,"S5 strong K (dt0=0.005, K=1e-3)",RK4,False,14,9,3.0600622999481857
case12110,"S5 strong K (dt0=0.005, K=1e-3)",adaptive BE,True,5,3,1.0311781000345945
case12110,"S5 strong K (dt0=0.005, K=1e-3)",adaptive BE-PC,True,5,2,1.0231278999708593
case12110,"S5 strong K (dt0=0.005, K=1e-3)",Newton homotopy,False,12,10,2.4451140000019222
case12110,"S5 strong K (dt0=0.005, K=1e-3)",scaled K,True,5,3,1.1133084000321105
case14limit,-,NR flat,False,10,10,0.09386480005923659
case14limit,-,NR flat + OM,True,9,9,0.11716500006150454
case14limit,"S1 paper (dt0=0.005, K=1e-4)",BE (paper),False,12,10,0.11523049999959767
case14limit,"S1 paper (dt0=0.005, K=1e-4)",BE-chord,False,12,10,0.11835830006748438
case14limit,"S1 paper (dt0=0.005, K=1e-4)",BE-PC,True,13,9,0.12757719994988292
case14limit,"S1 paper (dt0=0.005, K=1e-4)",BE + OM,True,10,8,0.09757489990442991
case14limit,"S1 paper (dt0=0.005, K=1e-4)",BE-PC + OM,True,10,6,0.0998574000550434
case14limit,"S1 paper (dt0=0.005, K=1e-4)",RK4,False,15,10,0.143008999992162
case14limit,"S1 paper (dt0=0.005, K=1e-4)",adaptive BE,False,12,10,0.11513379996176809
case14limit,"S1 paper (dt0=0.005, K=1e-4)",adaptive BE-PC,True,13,10,0.12380399997346103
case14limit,"S1 paper (dt0=0.005, K=1e-4)",Newton homotopy,False,12,10,0.11408500000834465
case14limit,"S1 paper (dt0=0.005, K=1e-4)",scaled K,False,12,10,0.11876580002717674
case14limit,"S2 Sec 4.4 (dt0=0.05, K=1e-3)",BE (paper),False,12,10,0.10435240005608648
case14limit,"S2 Sec 4.4 (dt0=0.05, K=1e-3)",BE-chord,False,12,10,0.10728180001024157
case14limit,"S2 Sec 4.4 (dt0=0.05, K=1e-3)",BE-PC,True,13,9,0.11376750003546476
case14limit,"S2 Sec 4.4 (dt0=0.05, K=1e-3)",BE + OM,True,10,8,0.0986090999795124
case14limit,"S2 Sec 4.4 (dt0=0.05, K=1e-3)",BE-PC + OM,True,11,7,0.10896330000832677
case14limit,"S2 Sec 4.4 (dt0=0.05, K=1e-3)",RK4,False,15,10,0.17858519998844713
case14limit,"S2 Sec 4.4 (dt0=0.05, K=1e-3)",adaptive BE,False,12,10,0.12114880001172423
case14limit,"S2 Sec 4.4 (dt0=0.05, K=1e-3)",adaptive BE-PC,True,13,10,0.11099039996042848
case14limit,"S2 Sec 4.4 (dt0=0.05, K=1e-3)",Newton homotopy,False,12,10,0.11101639992557466
case14limit,"S2 Sec 4.4 (dt0=0.05, K=1e-3)",scaled K,False,12,10,0.12714280001819134
case14limit,"S3 Sec 4.4 (dt0=0.1, K=2e-3)",BE (paper),False,12,10,0.12199740007054061
case14limit,"S3 Sec 4.4 (dt0=0.1, K=2e-3)",BE-chord,False,12,10,0.1318691000342369
case14limit,"S3 Sec 4.4 (dt0=0.1, K=2e-3)",BE-PC,True,13,9,0.1423158000689
case14limit,"S3 Sec 4.4 (dt0=0.1, K=2e-3)",BE + OM,True,10,8,0.10474109998904169
case14limit,"S3 Sec 4.4 (dt0=0.1, K=2e-3)",BE-PC + OM,True,11,7,0.11725670006126165
case14limit,"S3 Sec 4.4 (dt0=0.1, K=2e-3)",RK4,False,15,10,0.13605939992703497
case14limit,"S3 Sec 4.4 (dt0=0.1, K=2e-3)",adaptive BE,False,12,10,0.10529650002717972
case14limit,"S3 Sec 4.4 (dt0=0.1, K=2e-3)",adaptive BE-PC,True,13,10,0.1219602000201121
case14limit,"S3 Sec 4.4 (dt0=0.1, K=2e-3)",Newton homotopy,False,12,10,0.1075493999524042
case14limit,"S3 Sec 4.4 (dt0=0.1, K=2e-3)",scaled K,False,12,10,0.11428320000413805
case14limit,"S4 weak K (dt0=0.005, K=1e-5)",BE (paper),False,12,10,0.11079300008714199
case14limit,"S4 weak K (dt0=0.005, K=1e-5)",BE-chord,False,12,10,0.11497650004457682
case14limit,"S4 weak K (dt0=0.005, K=1e-5)",BE-PC,True,13,9,0.14195269998162985
case14limit,"S4 weak K (dt0=0.005, K=1e-5)",BE + OM,True,10,8,0.09383069991599768
case14limit,"S4 weak K (dt0=0.005, K=1e-5)",BE-PC + OM,True,10,6,0.13354790001176298
case14limit,"S4 weak K (dt0=0.005, K=1e-5)",RK4,False,15,10,0.15040889999363571
case14limit,"S4 weak K (dt0=0.005, K=1e-5)",adaptive BE,False,12,10,0.11161979997996241
case14limit,"S4 weak K (dt0=0.005, K=1e-5)",adaptive BE-PC,True,13,10,0.12101160001475364
case14limit,"S4 weak K (dt0=0.005, K=1e-5)",Newton homotopy,False,12,10,0.11681420006789267
case14limit,"S4 weak K (dt0=0.005, K=1e-5)",scaled K,False,12,10,0.17058919998817146
case14limit,"S5 strong K (dt0=0.005, K=1e-3)",BE (paper),False,12,10,0.10850520001258701
case14limit,"S5 strong K (dt0=0.005, K=1e-3)",BE-chord,False,12,10,0.12856909993570298
case14limit,"S5 strong K (dt0=0.005, K=1e-3)",BE-PC,True,14,10,0.13692950003314763
case14limit,"S5 strong K (dt0=0.005, K=1e-3)",BE + OM,True,9,7,0.10407859995029867
case14limit,"S5 strong K (dt0=0.005, K=1e-3)",BE-PC + OM,True,11,7,0.11426870001014322
case14limit,"S5 strong K (dt0=0.005, K=1e-3)",RK4,False,15,10,0.14156589994672686
case14limit,"S5 strong K (dt0=0.005, K=1e-3)",adaptive BE,False,12,10,0.10562029993161559
case14limit,"S5 strong K (dt0=0.005, K=1e-3)",adaptive BE-PC,True,13,10,0.13474949996452779
case14limit,"S5 strong K (dt0=0.005, K=1e-3)",Newton homotopy,False,12,10,0.10194389999378473
case14limit,"S5 strong K (dt0=0.005, K=1e-3)",scaled K,False,12,10,0.12972770002670586
case_ieee30limit,-,NR flat,True,10,10,0.09941109991632402
case_ieee30limit,-,NR flat + OM,True,9,9,0.09143240004777908
case_ieee30limit,"S1 paper (dt0=0.005, K=1e-4)",BE (paper),True,10,8,0.09702639991883188
case_ieee30limit,"S1 paper (dt0=0.005, K=1e-4)",BE-chord,True,11,9,0.12184829998295754
case_ieee30limit,"S1 paper (dt0=0.005, K=1e-4)",BE-PC,True,11,7,0.11991599993780255
case_ieee30limit,"S1 paper (dt0=0.005, K=1e-4)",BE + OM,True,9,7,0.12832449993584305
case_ieee30limit,"S1 paper (dt0=0.005, K=1e-4)",BE-PC + OM,True,9,5,0.04692230001091957
case_ieee30limit,"S1 paper (dt0=0.005, K=1e-4)",RK4,False,15,10,0.069673000019975
case_ieee30limit,"S1 paper (dt0=0.005, K=1e-4)",adaptive BE,True,10,8,0.07666819996666163
case_ieee30limit,"S1 paper (dt0=0.005, K=1e-4)",adaptive BE-PC,True,10,7,0.10235309996642172
case_ieee30limit,"S1 paper (dt0=0.005, K=1e-4)",Newton homotopy,True,11,9,0.10168219998013228
case_ieee30limit,"S1 paper (dt0=0.005, K=1e-4)",scaled K,True,10,8,0.1217311000218615
case_ieee30limit,"S2 Sec 4.4 (dt0=0.05, K=1e-3)",BE (paper),True,11,9,0.11275590001605451
case_ieee30limit,"S2 Sec 4.4 (dt0=0.05, K=1e-3)",BE-chord,True,11,9,0.11338290001731366
case_ieee30limit,"S2 Sec 4.4 (dt0=0.05, K=1e-3)",BE-PC,True,11,7,0.1110605999128893
case_ieee30limit,"S2 Sec 4.4 (dt0=0.05, K=1e-3)",BE + OM,True,9,7,0.09254410001449287
case_ieee30limit,"S2 Sec 4.4 (dt0=0.05, K=1e-3)",BE-PC + OM,True,9,5,0.11764549999497831
case_ieee30limit,"S2 Sec 4.4 (dt0=0.05, K=1e-3)",RK4,False,15,10,0.15649339999072254
case_ieee30limit,"S2 Sec 4.4 (dt0=0.05, K=1e-3)",adaptive BE,True,11,9,0.1004221000475809
case_ieee30limit,"S2 Sec 4.4 (dt0=0.05, K=1e-3)",adaptive BE-PC,True,11,8,0.11556629999540746
case_ieee30limit,"S2 Sec 4.4 (dt0=0.05, K=1e-3)",Newton homotopy,True,11,9,0.10087910003494471
case_ieee30limit,"S2 Sec 4.4 (dt0=0.05, K=1e-3)",scaled K,True,10,8,0.11036930000409484
case_ieee30limit,"S3 Sec 4.4 (dt0=0.1, K=2e-3)",BE (paper),True,11,9,0.10419540002476424
case_ieee30limit,"S3 Sec 4.4 (dt0=0.1, K=2e-3)",BE-chord,True,11,9,0.10126639995723963
case_ieee30limit,"S3 Sec 4.4 (dt0=0.1, K=2e-3)",BE-PC,True,11,7,0.11594349995721132
case_ieee30limit,"S3 Sec 4.4 (dt0=0.1, K=2e-3)",BE + OM,True,9,7,0.09980239998549223
case_ieee30limit,"S3 Sec 4.4 (dt0=0.1, K=2e-3)",BE-PC + OM,True,9,5,0.11340899998322129
case_ieee30limit,"S3 Sec 4.4 (dt0=0.1, K=2e-3)",RK4,False,15,10,0.1431507000233978
case_ieee30limit,"S3 Sec 4.4 (dt0=0.1, K=2e-3)",adaptive BE,True,11,9,0.1170191999990493
case_ieee30limit,"S3 Sec 4.4 (dt0=0.1, K=2e-3)",adaptive BE-PC,True,11,8,0.14660630002617836
case_ieee30limit,"S3 Sec 4.4 (dt0=0.1, K=2e-3)",Newton homotopy,True,11,9,0.1094928999664262
case_ieee30limit,"S3 Sec 4.4 (dt0=0.1, K=2e-3)",scaled K,True,11,9,0.11683179996907711
case_ieee30limit,"S4 weak K (dt0=0.005, K=1e-5)",BE (paper),True,10,8,0.09726499998942018
case_ieee30limit,"S4 weak K (dt0=0.005, K=1e-5)",BE-chord,True,11,9,0.10568659997079521
case_ieee30limit,"S4 weak K (dt0=0.005, K=1e-5)",BE-PC,True,10,6,0.11803869996219873
case_ieee30limit,"S4 weak K (dt0=0.005, K=1e-5)",BE + OM,True,9,7,0.09215339994989336
case_ieee30limit,"S4 weak K (dt0=0.005, K=1e-5)",BE-PC + OM,True,8,4,0.08270170004107058
case_ieee30limit,"S4 weak K (dt0=0.005, K=1e-5)",RK4,False,15,10,0.17285730002913624
case_ieee30limit,"S4 weak K (dt0=0.005, K=1e-5)",adaptive BE,True,10,8,0.10164190002251416
case_ieee30limit,"S4 weak K (dt0=0.005, K=1e-5)",adaptive BE-PC,True,10,7,0.0940173000562936
case_ieee30limit,"S4 weak K (dt0=0.005, K=1e-5)",Newton homotopy,True,11,9,0.10541670001111925
case_ieee30limit,"S4 weak K (dt0=0.005, K=1e-5)",scaled K,True,10,8,0.09919420001097023
case_ieee30limit,"S5 strong K (dt0=0.005, K=1e-3)",BE (paper),True,11,9,0.11256419995334
case_ieee30limit,"S5 strong K (dt0=0.005, K=1e-3)",BE-chord,True,11,9,0.1199164999416098
case_ieee30limit,"S5 strong K (dt0=0.005, K=1e-3)",BE-PC,True,12,8,0.17022470000665635
case_ieee30limit,"S5 strong K (dt0=0.005, K=1e-3)",BE + OM,True,9,7,0.09094709996134043
case_ieee30limit,"S5 strong K (dt0=0.005, K=1e-3)",BE-PC + OM,True,10,6,0.10957830003462732
case_ieee30limit,"S5 strong K (dt0=0.005, K=1e-3)",RK4,False,15,10,0.14945839997380972
case_ieee30limit,"S5 strong K (dt0=0.005, K=1e-3)",adaptive BE,True,11,9,0.10065349994692951
case_ieee30limit,"S5 strong K (dt0=0.005, K=1e-3)",adaptive BE-PC,True,11,8,0.10380329994950444
case_ieee30limit,"S5 strong K (dt0=0.005, K=1e-3)",Newton homotopy,True,11,9,0.10097629996016622
case_ieee30limit,"S5 strong K (dt0=0.005, K=1e-3)",scaled K,True,11,9,0.12819930003024638
case57limit,-,NR flat,True,10,10,0.09867640002630651
case57limit,-,NR flat + OM,True,9,9,0.09453499992378056
case57limit,"S1 paper (dt0=0.005, K=1e-4)",BE (paper),True,11,9,0.1256785000441596
case57limit,"S1 paper (dt0=0.005, K=1e-4)",BE-chord,True,11,9,0.11745070002507418
case57limit,"S1 paper (dt0=0.005, K=1e-4)",BE-PC,True,11,7,0.10024149995297194
case57limit,"S1 paper (dt0=0.005, K=1e-4)",BE + OM,True,9,7,0.10470479994546622
case57limit,"S1 paper (dt0=0.005, K=1e-4)",BE-PC + OM,True,9,5,0.10660590010229498
case57limit,"S1 paper (dt0=0.005, K=1e-4)",RK4,False,15,10,0.1500320000341162
case57limit,"S1 paper (dt0=0.005, K=1e-4)",adaptive BE,True,11,9,0.11488160002045333
case57limit,"S1 paper (dt0=0.005, K=1e-4)",adaptive BE-PC,True,11,8,0.11137049994431436
case57limit,"S1 paper (dt0=0.005, K=1e-4)",Newton homotopy,True,11,9,0.11607580003328621
case57limit,"S1 paper (dt0=0.005, K=1e-4)",scaled K,True,10,8,0.10537859995383769
case57limit,"S2 Sec 4.4 (dt0=0.05, K=1e-3)",BE (paper),True,11,9,0.10494999994989485
case57limit,"S2 Sec 4.4 (dt0=0.05, K=1e-3)",BE-chord,True,11,9,0.10704659996554255
case57limit,"S2 Sec 4.4 (dt0=0.05, K=1e-3)",BE-PC,True,11,7,0.11029069998767227
case57limit,"S2 Sec 4.4 (dt0=0.05, K=1e-3)",BE + OM,True,9,7,0.09723359998315573
case57limit,"S2 Sec 4.4 (dt0=0.05, K=1e-3)",BE-PC + OM,True,9,5,0.09082199994008988
case57limit,"S2 Sec 4.4 (dt0=0.05, K=1e-3)",RK4,False,15,10,0.15893619996495545
case57limit,"S2 Sec 4.4 (dt0=0.05, K=1e-3)",adaptive BE,True,11,9,0.11671169998589903
case57limit,"S2 Sec 4.4 (dt0=0.05, K=1e-3)",adaptive BE-PC,True,11,8,0.10908730002120137
case57limit,"S2 Sec 4.4 (dt0=0.05, K=1e-3)",Newton homotopy,True,11,9,0.10740620002616197
case57limit,"S2 Sec 4.4 (dt0=0.05, K=1e-3)",scaled K,True,10,8,0.1102511000353843
case57limit,"S3 Sec 4.4 (dt0=0.1, K=2e-3)",BE (paper),True,11,9,0.10325749998446554
case57limit,"S3 Sec 4.4 (dt0=0.1, K=2e-3)",BE-chord,True,11,9,0.10377669997978956
case57limit,"S3 Sec 4.4 (dt0=0.1, K=2e-3)",BE-PC,True,11,7,0.10554239992052317
case57limit,"S3 Sec 4.4 (dt0=0.1, K=2e-3)",BE + OM,True,9,7,0.08715789997950196
case57limit,"S3 Sec 4.4 (dt0=0.1, K=2e-3)",BE-PC + OM,True,9,5,0.09854070004075766
case57limit,"S3 Sec 4.4 (dt0=0.1, K=2e-3)",RK4,False,15,10,0.15881499997340143
case57limit,"S3 Sec 4.4 (dt0=0.1, K=2e-3)",adaptive BE,True,11,9,0.12850619992241263
case57limit,"S3 Sec 4.4 (dt0=0.1, K=2e-3)",adaptive BE-PC,True,11,8,0.1392912999726832
case57limit,"S3 Sec 4.4 (dt0=0.1, K=2e-3)",Newton homotopy,True,11,9,0.13494109991006553
case57limit,"S3 Sec 4.4 (dt0=0.1, K=2e-3)",scaled K,True,11,9,0.08035079995170236
case57limit,"S4 weak K (dt0=0.005, K=1e-5)",BE (paper),True,10,8,0.04675800004042685
case57limit,"S4 weak K (dt0=0.005, K=1e-5)",BE-chord,True,11,9,0.05425139993894845
case57limit,"S4 weak K (dt0=0.005, K=1e-5)",BE-PC,True,10,6,0.05818849999923259
case57limit,"S4 weak K (dt0=0.005, K=1e-5)",BE + OM,True,9,7,0.08588449994567782
case57limit,"S4 weak K (dt0=0.005, K=1e-5)",BE-PC + OM,True,8,4,0.08917279995512217
case57limit,"S4 weak K (dt0=0.005, K=1e-5)",RK4,False,15,10,0.16031770000699908
case57limit,"S4 weak K (dt0=0.005, K=1e-5)",adaptive BE,True,10,8,0.09697930002585053
case57limit,"S4 weak K (dt0=0.005, K=1e-5)",adaptive BE-PC,True,10,7,0.09628600010182709
case57limit,"S4 weak K (dt0=0.005, K=1e-5)",Newton homotopy,True,11,9,0.1366365000139922
case57limit,"S4 weak K (dt0=0.005, K=1e-5)",scaled K,True,10,8,0.09788419993128628
case57limit,"S5 strong K (dt0=0.005, K=1e-3)",BE (paper),True,11,9,0.11390720005147159
case57limit,"S5 strong K (dt0=0.005, K=1e-3)",BE-chord,True,11,9,0.09959470003377646
case57limit,"S5 strong K (dt0=0.005, K=1e-3)",BE-PC,True,12,8,0.11972199997399002
case57limit,"S5 strong K (dt0=0.005, K=1e-3)",BE + OM,True,9,7,0.09817299991846085
case57limit,"S5 strong K (dt0=0.005, K=1e-3)",BE-PC + OM,True,10,6,0.10628469998482615
case57limit,"S5 strong K (dt0=0.005, K=1e-3)",RK4,False,15,10,0.14661250007338822
case57limit,"S5 strong K (dt0=0.005, K=1e-3)",adaptive BE,True,11,9,0.10685819992795587
case57limit,"S5 strong K (dt0=0.005, K=1e-3)",adaptive BE-PC,True,11,8,0.11949850001838058
case57limit,"S5 strong K (dt0=0.005, K=1e-3)",Newton homotopy,True,11,9,0.10615949996281415
case57limit,"S5 strong K (dt0=0.005, K=1e-3)",scaled K,True,11,9,0.11681649996899068
case89pegaselimit,-,NR flat,False,10,10,0.11509279999881983
case89pegaselimit,-,NR flat + OM,True,9,9,0.11223750002682209
case89pegaselimit,"S1 paper (dt0=0.005, K=1e-4)",BE (paper),True,11,9,0.14114510000217706
case89pegaselimit,"S1 paper (dt0=0.005, K=1e-4)",BE-chord,True,12,10,0.10692279995419085
case89pegaselimit,"S1 paper (dt0=0.005, K=1e-4)",BE-PC,True,11,7,0.05162030004430562
case89pegaselimit,"S1 paper (dt0=0.005, K=1e-4)",BE + OM,True,9,7,0.046338099986314774
case89pegaselimit,"S1 paper (dt0=0.005, K=1e-4)",BE-PC + OM,True,9,5,0.055999499978497624
case89pegaselimit,"S1 paper (dt0=0.005, K=1e-4)",RK4,False,15,10,0.17265810002572834
case89pegaselimit,"S1 paper (dt0=0.005, K=1e-4)",adaptive BE,True,11,9,0.13884290005080402
case89pegaselimit,"S1 paper (dt0=0.005, K=1e-4)",adaptive BE-PC,True,11,8,0.11690220003947616
case89pegaselimit,"S1 paper (dt0=0.005, K=1e-4)",Newton homotopy,True,12,10,0.12373180000577122
case89pegaselimit,"S1 paper (dt0=0.005, K=1e-4)",scaled K,True,11,9,0.14878280006814748
case89pegaselimit,"S2 Sec 4.4 (dt0=0.05, K=1e-3)",BE (paper),True,11,9,0.130318499985151
case89pegaselimit,"S2 Sec 4.4 (dt0=0.05, K=1e-3)",BE-chord,True,12,10,0.1303912999574095
case89pegaselimit,"S2 Sec 4.4 (dt0=0.05, K=1e-3)",BE-PC,True,11,7,0.11423909990116954
case89pegaselimit,"S2 Sec 4.4 (dt0=0.05, K=1e-3)",BE + OM,True,9,7,0.11029029998462647
case89pegaselimit,"S2 Sec 4.4 (dt0=0.05, K=1e-3)",BE-PC + OM,True,9,5,0.10616769990883768
case89pegaselimit,"S2 Sec 4.4 (dt0=0.05, K=1e-3)",RK4,False,15,10,0.2423521000891924
case89pegaselimit,"S2 Sec 4.4 (dt0=0.05, K=1e-3)",adaptive BE,True,11,9,0.13312480004969984
case89pegaselimit,"S2 Sec 4.4 (dt0=0.05, K=1e-3)",adaptive BE-PC,True,11,8,0.12389799999073148
case89pegaselimit,"S2 Sec 4.4 (dt0=0.05, K=1e-3)",Newton homotopy,True,12,10,0.13147339993156493
case89pegaselimit,"S2 Sec 4.4 (dt0=0.05, K=1e-3)",scaled K,True,11,9,0.15416859998367727
case89pegaselimit,"S3 Sec 4.4 (dt0=0.1, K=2e-3)",BE (paper),True,11,9,0.14975620002951473
case89pegaselimit,"S3 Sec 4.4 (dt0=0.1, K=2e-3)",BE-chord,True,12,10,0.10623879998456687
case89pegaselimit,"S3 Sec 4.4 (dt0=0.1, K=2e-3)",BE-PC,True,11,7,0.05996800004504621
case89pegaselimit,"S3 Sec 4.4 (dt0=0.1, K=2e-3)",BE + OM,True,9,7,0.05199289997108281
case89pegaselimit,"S3 Sec 4.4 (dt0=0.1, K=2e-3)",BE-PC + OM,True,9,5,0.047711499966681004
case89pegaselimit,"S3 Sec 4.4 (dt0=0.1, K=2e-3)",RK4,False,15,10,0.07835079997312278
case89pegaselimit,"S3 Sec 4.4 (dt0=0.1, K=2e-3)",adaptive BE,True,11,9,0.04977399995550513
case89pegaselimit,"S3 Sec 4.4 (dt0=0.1, K=2e-3)",adaptive BE-PC,True,11,8,0.05623310001101345
case89pegaselimit,"S3 Sec 4.4 (dt0=0.1, K=2e-3)",Newton homotopy,True,12,10,0.0937497999984771
case89pegaselimit,"S3 Sec 4.4 (dt0=0.1, K=2e-3)",scaled K,True,11,9,0.12516579998191446
case89pegaselimit,"S4 weak K (dt0=0.005, K=1e-5)",BE (paper),True,11,9,0.11660279997158796
case89pegaselimit,"S4 weak K (dt0=0.005, K=1e-5)",BE-chord,True,12,10,0.12429010006599128
case89pegaselimit,"S4 weak K (dt0=0.005, K=1e-5)",BE-PC,True,11,7,0.11837639997247607
case89pegaselimit,"S4 weak K (dt0=0.005, K=1e-5)",BE + OM,True,9,7,0.10877389996312559
case89pegaselimit,"S4 weak K (dt0=0.005, K=1e-5)",BE-PC + OM,True,9,5,0.09681409993208945
case89pegaselimit,"S4 weak K (dt0=0.005, K=1e-5)",RK4,False,15,10,0.21506760001648217
case89pegaselimit,"S4 weak K (dt0=0.005, K=1e-5)",adaptive BE,True,11,9,0.12574489996768534
case89pegaselimit,"S4 weak K (dt0=0.005, K=1e-5)",adaptive BE-PC,True,11,8,0.11487060005310923
case89pegaselimit,"S4 weak K (dt0=0.005, K=1e-5)",Newton homotopy,True,12,10,0.1274621000047773
case89pegaselimit,"S4 weak K (dt0=0.005, K=1e-5)",scaled K,True,11,9,0.13638479996006936
case89pegaselimit,"S5 strong K (dt0=0.005, K=1e-3)",BE (paper),True,11,9,0.11665139999240637
case89pegaselimit,"S5 strong K (dt0=0.005, K=1e-3)",BE-chord,True,11,9,0.11768829997163266
case89pegaselimit,"S5 strong K (dt0=0.005, K=1e-3)",BE-PC,True,11,7,0.1365241000894457
case89pegaselimit,"S5 strong K (dt0=0.005, K=1e-3)",BE + OM,True,9,7,0.11261449998710304
case89pegaselimit,"S5 strong K (dt0=0.005, K=1e-3)",BE-PC + OM,True,9,5,0.10811569995712489
case89pegaselimit,"S5 strong K (dt0=0.005, K=1e-3)",RK4,False,15,10,0.16954610007815063
case89pegaselimit,"S5 strong K (dt0=0.005, K=1e-3)",adaptive BE,True,11,9,0.11788909998722374
case89pegaselimit,"S5 strong K (dt0=0.005, K=1e-3)",adaptive BE-PC,True,11,8,0.1278431999962777
case89pegaselimit,"S5 strong K (dt0=0.005, K=1e-3)",Newton homotopy,True,12,10,0.11825319996569306
case89pegaselimit,"S5 strong K (dt0=0.005, K=1e-3)",scaled K,True,11,9,0.12453769997227937
case118limit,-,NR flat,True,10,10,0.09389860008377582
case118limit,-,NR flat + OM,True,8,8,0.1050814000191167
case118limit,"S1 paper (dt0=0.005, K=1e-4)",BE (paper),True,10,8,0.11688520002644509
case118limit,"S1 paper (dt0=0.005, K=1e-4)",BE-chord,True,11,9,0.1257954000029713
case118limit,"S1 paper (dt0=0.005, K=1e-4)",BE-PC,True,11,7,0.05988200008869171
case118limit,"S1 paper (dt0=0.005, K=1e-4)",BE + OM,True,9,7,0.05818250006996095
case118limit,"S1 paper (dt0=0.005, K=1e-4)",BE-PC + OM,True,9,5,0.1008034999249503
case118limit,"S1 paper (dt0=0.005, K=1e-4)",RK4,False,15,10,0.1632382000098005
case118limit,"S1 paper (dt0=0.005, K=1e-4)",adaptive BE,True,10,8,0.10376590001396835
case118limit,"S1 paper (dt0=0.005, K=1e-4)",adaptive BE-PC,True,10,7,0.10518559999763966
case118limit,"S1 paper (dt0=0.005, K=1e-4)",Newton homotopy,True,11,9,0.11864859994966537
case118limit,"S1 paper (dt0=0.005, K=1e-4)",scaled K,True,10,8,0.13910179992672056
case118limit,"S2 Sec 4.4 (dt0=0.05, K=1e-3)",BE (paper),True,10,8,0.12548819999210536
case118limit,"S2 Sec 4.4 (dt0=0.05, K=1e-3)",BE-chord,True,11,9,0.12160099996253848
case118limit,"S2 Sec 4.4 (dt0=0.05, K=1e-3)",BE-PC,True,11,7,0.11153330001980066
case118limit,"S2 Sec 4.4 (dt0=0.05, K=1e-3)",BE + OM,True,9,7,0.12889629998244345
case118limit,"S2 Sec 4.4 (dt0=0.05, K=1e-3)",BE-PC + OM,True,9,5,0.10309260000940412
case118limit,"S2 Sec 4.4 (dt0=0.05, K=1e-3)",RK4,False,15,10,0.16452930006198585
case118limit,"S2 Sec 4.4 (dt0=0.05, K=1e-3)",adaptive BE,True,10,8,0.11073120008222759
case118limit,"S2 Sec 4.4 (dt0=0.05, K=1e-3)",adaptive BE-PC,True,10,7,0.11468910006806254
case118limit,"S2 Sec 4.4 (dt0=0.05, K=1e-3)",Newton homotopy,True,11,9,0.13811080006416887
case118limit,"S2 Sec 4.4 (dt0=0.05, K=1e-3)",scaled K,True,10,8,0.11527279997244477
case118limit,"S3 Sec 4.4 (dt0=0.1, K=2e-3)",BE (paper),True,10,8,0.10967479995451868
case118limit,"S3 Sec 4.4 (dt0=0.1, K=2e-3)",BE-chord,True,11,9,0.11920700001064688
case118limit,"S3 Sec 4.4 (dt0=0.1, K=2e-3)",BE-PC,True,11,7,0.1212432999163866
case118limit,"S3 Sec 4.4 (dt0=0.1, K=2e-3)",BE + OM,True,9,7,0.09965399990323931
case118limit,"S3 Sec 4.4 (dt0=0.1, K=2e-3)",BE-PC + OM,True,9,5,0.09315149998292327
case118limit,"S3 Sec 4.4 (dt0=0.1, K=2e-3)",RK4,True,13,8,0.14012400002684444
case118limit,"S3 Sec 4.4 (dt0=0.1, K=2e-3)",adaptive BE,True,10,8,0.11098640004638582
case118limit,"S3 Sec 4.4 (dt0=0.1, K=2e-3)",adaptive BE-PC,True,10,7,0.10997360001783818
case118limit,"S3 Sec 4.4 (dt0=0.1, K=2e-3)",Newton homotopy,True,11,9,0.11397579999174923
case118limit,"S3 Sec 4.4 (dt0=0.1, K=2e-3)",scaled K,True,10,8,0.1080864000832662
case118limit,"S4 weak K (dt0=0.005, K=1e-5)",BE (paper),True,10,8,0.1206450000172481
case118limit,"S4 weak K (dt0=0.005, K=1e-5)",BE-chord,True,11,9,0.14357479999307543
case118limit,"S4 weak K (dt0=0.005, K=1e-5)",BE-PC,True,10,6,0.11362339998595417
case118limit,"S4 weak K (dt0=0.005, K=1e-5)",BE + OM,True,8,6,0.08782989997416735
case118limit,"S4 weak K (dt0=0.005, K=1e-5)",BE-PC + OM,True,8,4,0.0915969000197947
case118limit,"S4 weak K (dt0=0.005, K=1e-5)",RK4,False,15,10,0.19384279998485
case118limit,"S4 weak K (dt0=0.005, K=1e-5)",adaptive BE,True,10,8,0.10060110001359135
case118limit,"S4 weak K (dt0=0.005, K=1e-5)",adaptive BE-PC,True,10,7,0.12356360000558197
case118limit,"S4 weak K (dt0=0.005, K=1e-5)",Newton homotopy,True,11,9,0.12446419999469072
case118limit,"S4 weak K (dt0=0.005, K=1e-5)",scaled K,True,10,8,0.12883549998514354
case118limit,"S5 strong K (dt0=0.005, K=1e-3)",BE (paper),True,11,9,0.11944070004392415
case118limit,"S5 strong K (dt0=0.005, K=1e-3)",BE-chord,True,11,9,0.11007990001235157
case118limit,"S5 strong K (dt0=0.005, K=1e-3)",BE-PC,True,12,8,0.1405187000054866
case118limit,"S5 strong K (dt0=0.005, K=1e-3)",BE + OM,True,9,7,0.11145090009085834
case118limit,"S5 strong K (dt0=0.005, K=1e-3)",BE-PC + OM,True,10,6,0.10998959990683943
case118limit,"S5 strong K (dt0=0.005, K=1e-3)",RK4,False,15,10,0.16254419996403158
case118limit,"S5 strong K (dt0=0.005, K=1e-3)",adaptive BE,True,19,7,0.23567099997308105
case118limit,"S5 strong K (dt0=0.005, K=1e-3)",adaptive BE-PC,True,11,8,0.12242819997482002
case118limit,"S5 strong K (dt0=0.005, K=1e-3)",Newton homotopy,True,11,9,0.14104929997120053
case118limit,"S5 strong K (dt0=0.005, K=1e-3)",scaled K,True,11,9,0.14264899992849678
case300limit,-,NR flat,True,10,10,0.14275360002648085
case300limit,-,NR flat + OM,True,8,8,0.1208466999232769
case300limit,"S1 paper (dt0=0.005, K=1e-4)",BE (paper),True,10,8,0.13822280010208488
case300limit,"S1 paper (dt0=0.005, K=1e-4)",BE-chord,True,11,9,0.1710596999619156
case300limit,"S1 paper (dt0=0.005, K=1e-4)",BE-PC,True,11,7,0.1435714999679476
case300limit,"S1 paper (dt0=0.005, K=1e-4)",BE + OM,True,8,6,0.1177759999409318
case300limit,"S1 paper (dt0=0.005, K=1e-4)",BE-PC + OM,True,9,5,0.13000309991184622
case300limit,"S1 paper (dt0=0.005, K=1e-4)",RK4,False,15,10,0.21446569997351617
case300limit,"S1 paper (dt0=0.005, K=1e-4)",adaptive BE,True,10,8,0.13054400007240474
case300limit,"S1 paper (dt0=0.005, K=1e-4)",adaptive BE-PC,True,10,7,0.14267040009144694
case300limit,"S1 paper (dt0=0.005, K=1e-4)",Newton homotopy,True,11,9,0.14969730004668236
case300limit,"S1 paper (dt0=0.005, K=1e-4)",scaled K,True,10,8,0.16158139996696264
case300limit,"S2 Sec 4.4 (dt0=0.05, K=1e-3)",BE (paper),True,10,8,0.1283943000016734
case300limit,"S2 Sec 4.4 (dt0=0.05, K=1e-3)",BE-chord,True,11,9,0.15321729995775968
case300limit,"S2 Sec 4.4 (dt0=0.05, K=1e-3)",BE-PC,True,11,7,0.1474271999904886
case300limit,"S2 Sec 4.4 (dt0=0.05, K=1e-3)",BE + OM,True,8,6,0.15497429994866252
case300limit,"S2 Sec 4.4 (dt0=0.05, K=1e-3)",BE-PC + OM,True,9,5,0.1380005000391975
case300limit,"S2 Sec 4.4 (dt0=0.05, K=1e-3)",RK4,False,15,10,0.23311090003699064
case300limit,"S2 Sec 4.4 (dt0=0.05, K=1e-3)",adaptive BE,True,10,8,0.1448807999258861
case300limit,"S2 Sec 4.4 (dt0=0.05, K=1e-3)",adaptive BE-PC,True,10,7,0.1446047000354156
case300limit,"S2 Sec 4.4 (dt0=0.05, K=1e-3)",Newton homotopy,True,11,9,0.1617848000023514
case300limit,"S2 Sec 4.4 (dt0=0.05, K=1e-3)",scaled K,True,10,8,0.1452629000414163
case300limit,"S3 Sec 4.4 (dt0=0.1, K=2e-3)",BE (paper),True,10,8,0.12354399997275323
case300limit,"S3 Sec 4.4 (dt0=0.1, K=2e-3)",BE-chord,True,11,9,0.1703929000068456
case300limit,"S3 Sec 4.4 (dt0=0.1, K=2e-3)",BE-PC,True,11,7,0.15325660002417862
case300limit,"S3 Sec 4.4 (dt0=0.1, K=2e-3)",BE + OM,True,8,6,0.11008909996598959
case300limit,"S3 Sec 4.4 (dt0=0.1, K=2e-3)",BE-PC + OM,True,9,5,0.1405490000033751
case300limit,"S3 Sec 4.4 (dt0=0.1, K=2e-3)",RK4,False,15,10,0.26367729995399714
case300limit,"S3 Sec 4.4 (dt0=0.1, K=2e-3)",adaptive BE,True,10,8,0.15848779992666095
case300limit,"S3 Sec 4.4 (dt0=0.1, K=2e-3)",adaptive BE-PC,True,10,7,0.12797569995746017
case300limit,"S3 Sec 4.4 (dt0=0.1, K=2e-3)",Newton homotopy,True,11,9,0.1502450000261888
case300limit,"S3 Sec 4.4 (dt0=0.1, K=2e-3)",scaled K,True,10,8,0.15106359997298568
case300limit,"S4 weak K (dt0=0.005, K=1e-5)",BE (paper),True,10,8,0.14639690006151795
case300limit,"S4 weak K (dt0=0.005, K=1e-5)",BE-chord,True,11,9,0.15427319996524602
case300limit,"S4 weak K (dt0=0.005, K=1e-5)",BE-PC,True,10,6,0.12520679994486272
case300limit,"S4 weak K (dt0=0.005, K=1e-5)",BE + OM,True,8,6,0.056804200052283704
case300limit,"S4 weak K (dt0=0.005, K=1e-5)",BE-PC + OM,True,8,4,0.054479500045999885
case300limit,"S4 weak K (dt0=0.005, K=1e-5)",RK4,False,15,10,0.19847389997448772
case300limit,"S4 weak K (dt0=0.005, K=1e-5)",adaptive BE,True,10,8,0.1476650999393314
case300limit,"S4 weak K (dt0=0.005, K=1e-5)",adaptive BE-PC,True,10,7,0.13504760002251714
case300limit,"S4 weak K (dt0=0.005, K=1e-5)",Newton homotopy,True,11,9,0.14432770002167672
case300limit,"S4 weak K (dt0=0.005, K=1e-5)",scaled K,True,10,8,0.15494239993859082
case300limit,"S5 strong K (dt0=0.005, K=1e-3)",BE (paper),True,10,8,0.1360586000373587
case300limit,"S5 strong K (dt0=0.005, K=1e-3)",BE-chord,True,11,9,0.162214900017716
case300limit,"S5 strong K (dt0=0.005, K=1e-3)",BE-PC,True,11,7,0.14685959997586906
case300limit,"S5 strong K (dt0=0.005, K=1e-3)",BE + OM,True,9,7,0.14522080007009208
case300limit,"S5 strong K (dt0=0.005, K=1e-3)",BE-PC + OM,True,9,5,0.13340149994473904
case300limit,"S5 strong K (dt0=0.005, K=1e-3)",RK4,False,15,10,0.192637600004673
case300limit,"S5 strong K (dt0=0.005, K=1e-3)",adaptive BE,True,10,8,0.13380039995536208
case300limit,"S5 strong K (dt0=0.005, K=1e-3)",adaptive BE-PC,True,10,7,0.13836230000015348
case300limit,"S5 strong K (dt0=0.005, K=1e-3)",Newton homotopy,True,11,9,0.14452550001442432
case300limit,"S5 strong K (dt0=0.005, K=1e-3)",scaled K,True,10,8,0.1436115000396967
case1354pegaselimit,-,NR flat,False,10,10,0.2864702999358997
case1354pegaselimit,-,NR flat + OM,True,10,10,0.31449260003864765
case1354pegaselimit,"S1 paper (dt0=0.005, K=1e-4)",BE (paper),True,12,10,0.33627379999961704
case1354pegaselimit,"S1 paper (dt0=0.005, K=1e-4)",BE-chord,True,12,10,0.34835570002906024
case1354pegaselimit,"S1 paper (dt0=0.005, K=1e-4)",BE-PC,True,12,8,0.3423850000835955
case1354pegaselimit,"S1 paper (dt0=0.005, K=1e-4)",BE + OM,True,9,7,0.2593127000145614
case1354pegaselimit,"S1 paper (dt0=0.005, K=1e-4)",BE-PC + OM,True,10,6,0.2988607999868691
case1354pegaselimit,"S1 paper (dt0=0.005, K=1e-4)",RK4,False,15,10,0.4790052999742329
case1354pegaselimit,"S1 paper (dt0=0.005, K=1e-4)",adaptive BE,True,12,10,0.3609680999070406
case1354pegaselimit,"S1 paper (dt0=0.005, K=1e-4)",adaptive BE-PC,True,12,9,0.3636454000370577
case1354pegaselimit,"S1 paper (dt0=0.005, K=1e-4)",Newton homotopy,True,12,10,0.2593438000185415
case1354pegaselimit,"S1 paper (dt0=0.005, K=1e-4)",scaled K,True,12,10,0.2063462999649346
case1354pegaselimit,"S2 Sec 4.4 (dt0=0.05, K=1e-3)",BE (paper),True,12,10,0.33695230004377663
case1354pegaselimit,"S2 Sec 4.4 (dt0=0.05, K=1e-3)",BE-chord,True,12,10,0.3387591999489814
case1354pegaselimit,"S2 Sec 4.4 (dt0=0.05, K=1e-3)",BE-PC,True,12,8,0.32653369999025017
case1354pegaselimit,"S2 Sec 4.4 (dt0=0.05, K=1e-3)",BE + OM,True,9,7,0.257419400033541
case1354pegaselimit,"S2 Sec 4.4 (dt0=0.05, K=1e-3)",BE-PC + OM,True,10,6,0.288518900051713
case1354pegaselimit,"S2 Sec 4.4 (dt0=0.05, K=1e-3)",RK4,False,15,10,0.41771790001075715
case1354pegaselimit,"S2 Sec 4.4 (dt0=0.05, K=1e-3)",adaptive BE,True,12,10,0.3304286999627948
case1354pegaselimit,"S2 Sec 4.4 (dt0=0.05, K=1e-3)",adaptive BE-PC,True,12,9,0.3530401000753045
case1354pegaselimit,"S2 Sec 4.4 (dt0=0.05, K=1e-3)",Newton homotopy,True,12,10,0.3476006999844685
case1354pegaselimit,"S2 Sec 4.4 (dt0=0.05, K=1e-3)",scaled K,True,12,10,0.34608369995839894
case1354pegaselimit,"S3 Sec 4.4 (dt0=0.1, K=2e-3)",BE (paper),True,12,10,0.3533844000194222
case1354pegaselimit,"S3 Sec 4.4 (dt0=0.1, K=2e-3)",BE-chord,True,12,10,0.3456068999366835
case1354pegaselimit,"S3 Sec 4.4 (dt0=0.1, K=2e-3)",BE-PC,True,12,8,0.3441405000630766
case1354pegaselimit,"S3 Sec 4.4 (dt0=0.1, K=2e-3)",BE + OM,True,10,8,0.3030653999885544
case1354pegaselimit,"S3 Sec 4.4 (dt0=0.1, K=2e-3)",BE-PC + OM,True,10,6,0.2812910000793636
case1354pegaselimit,"S3 Sec 4.4 (dt0=0.1, K=2e-3)",RK4,False,15,10,0.4131260000867769
case1354pegaselimit,"S3 Sec 4.4 (dt0=0.1, K=2e-3)",adaptive BE,True,12,10,0.3419097999576479
case1354pegaselimit,"S3 Sec 4.4 (dt0=0.1, K=2e-3)",adaptive BE-PC,True,12,9,0.32519490004051477
case1354pegaselimit,"S3 Sec 4.4 (dt0=0.1, K=2e-3)",Newton homotopy,True,12,10,0.3218623000429943
case1354pegaselimit,"S3 Sec 4.4 (dt0=0.1, K=2e-3)",scaled K,True,12,10,0.3703624999616295
case1354pegaselimit,"S4 weak K (dt0=0.005, K=1e-5)",BE (paper),True,11,9,0.30470770003739744
case1354pegaselimit,"S4 weak K (dt0=0.005, K=1e-5)",BE-chord,True,12,10,0.3224807999795303
case1354pegaselimit,"S4 weak K (dt0=0.005, K=1e-5)",BE-PC,True,12,8,0.3375153000233695
case1354pegaselimit,"S4 weak K (dt0=0.005, K=1e-5)",BE + OM,True,9,7,0.27315500006079674
case1354pegaselimit,"S4 weak K (dt0=0.005, K=1e-5)",BE-PC + OM,True,10,6,0.29512209992390126
case1354pegaselimit,"S4 weak K (dt0=0.005, K=1e-5)",RK4,False,15,10,0.38875330006703734
case1354pegaselimit,"S4 weak K (dt0=0.005, K=1e-5)",adaptive BE,True,11,9,0.31295219995081425
case1354pegaselimit,"S4 weak K (dt0=0.005, K=1e-5)",adaptive BE-PC,True,11,8,0.30460610007867217
case1354pegaselimit,"S4 weak K (dt0=0.005, K=1e-5)",Newton homotopy,True,12,10,0.33019890007562935
case1354pegaselimit,"S4 weak K (dt0=0.005, K=1e-5)",scaled K,True,11,9,0.3164614000124857
case1354pegaselimit,"S5 strong K (dt0=0.005, K=1e-3)",BE (paper),True,12,10,0.3296782000688836
case1354pegaselimit,"S5 strong K (dt0=0.005, K=1e-3)",BE-chord,True,12,10,0.32464649993926287
case1354pegaselimit,"S5 strong K (dt0=0.005, K=1e-3)",BE-PC,True,13,9,0.3665711999638006
case1354pegaselimit,"S5 strong K (dt0=0.005, K=1e-3)",BE + OM,True,10,8,0.2786991000175476
case1354pegaselimit,"S5 strong K (dt0=0.005, K=1e-3)",BE-PC + OM,True,11,7,0.3201959999278188
case1354pegaselimit,"S5 strong K (dt0=0.005, K=1e-3)",RK4,False,15,10,0.41756059997715056
case1354pegaselimit,"S5 strong K (dt0=0.005, K=1e-3)",adaptive BE,True,12,10,0.3152727000415325
case1354pegaselimit,"S5 strong K (dt0=0.005, K=1e-3)",adaptive BE-PC,True,12,9,0.35857359995134175
case1354pegaselimit,"S5 strong K (dt0=0.005, K=1e-3)",Newton homotopy,True,12,10,0.3228856000350788
case1354pegaselimit,"S5 strong K (dt0=0.005, K=1e-3)",scaled K,True,12,10,0.3214046999346465
case2383wplimit,-,NR flat,True,10,10,0.4340520000550896
case2383wplimit,-,NR flat + OM,True,9,9,0.39807509991806
case2383wplimit,"S1 paper (dt0=0.005, K=1e-4)",BE (paper),True,10,8,0.4333185999421403
case2383wplimit,"S1 paper (dt0=0.005, K=1e-4)",BE-chord,True,11,9,0.4472208999795839
case2383wplimit,"S1 paper (dt0=0.005, K=1e-4)",BE-PC,True,11,7,0.3492050999775529
case2383wplimit,"S1 paper (dt0=0.005, K=1e-4)",BE + OM,True,9,7,0.3894614999881014
case2383wplimit,"S1 paper (dt0=0.005, K=1e-4)",BE-PC + OM,True,10,6,0.37817689997609705
case2383wplimit,"S1 paper (dt0=0.005, K=1e-4)",RK4,False,15,10,0.7212664999533445
case2383wplimit,"S1 paper (dt0=0.005, K=1e-4)",adaptive BE,True,10,8,0.3391277000773698
case2383wplimit,"S1 paper (dt0=0.005, K=1e-4)",adaptive BE-PC,True,10,7,0.44643510004971176
case2383wplimit,"S1 paper (dt0=0.005, K=1e-4)",Newton homotopy,True,11,9,0.4796210000058636
case2383wplimit,"S1 paper (dt0=0.005, K=1e-4)",scaled K,True,10,8,0.42922249995172024
case2383wplimit,"S2 Sec 4.4 (dt0=0.05, K=1e-3)",BE (paper),True,10,8,0.45267020002938807
case2383wplimit,"S2 Sec 4.4 (dt0=0.05, K=1e-3)",BE-chord,True,11,9,0.4828801000257954
case2383wplimit,"S2 Sec 4.4 (dt0=0.05, K=1e-3)",BE-PC,True,11,7,0.46116179996170104
case2383wplimit,"S2 Sec 4.4 (dt0=0.05, K=1e-3)",BE + OM,True,9,7,0.38042389997281134
case2383wplimit,"S2 Sec 4.4 (dt0=0.05, K=1e-3)",BE-PC + OM,True,10,6,0.46252410009037703
case2383wplimit,"S2 Sec 4.4 (dt0=0.05, K=1e-3)",RK4,False,15,10,0.6469161999411881
case2383wplimit,"S2 Sec 4.4 (dt0=0.05, K=1e-3)",adaptive BE,True,10,8,0.41241440002340823
case2383wplimit,"S2 Sec 4.4 (dt0=0.05, K=1e-3)",adaptive BE-PC,True,10,7,0.4343711999244988
case2383wplimit,"S2 Sec 4.4 (dt0=0.05, K=1e-3)",Newton homotopy,True,11,9,0.5132585000246763
case2383wplimit,"S2 Sec 4.4 (dt0=0.05, K=1e-3)",scaled K,True,10,8,0.45335930003784597
case2383wplimit,"S3 Sec 4.4 (dt0=0.1, K=2e-3)",BE (paper),True,10,8,0.41169949993491173
case2383wplimit,"S3 Sec 4.4 (dt0=0.1, K=2e-3)",BE-chord,True,11,9,0.47954769991338253
case2383wplimit,"S3 Sec 4.4 (dt0=0.1, K=2e-3)",BE-PC,True,11,7,0.45233639993239194
case2383wplimit,"S3 Sec 4.4 (dt0=0.1, K=2e-3)",BE + OM,True,9,7,0.3777139999438077
case2383wplimit,"S3 Sec 4.4 (dt0=0.1, K=2e-3)",BE-PC + OM,True,10,6,0.43922249996103346
case2383wplimit,"S3 Sec 4.4 (dt0=0.1, K=2e-3)",RK4,False,15,10,0.5916505999630317
case2383wplimit,"S3 Sec 4.4 (dt0=0.1, K=2e-3)",adaptive BE,True,10,8,0.4434592000907287
case2383wplimit,"S3 Sec 4.4 (dt0=0.1, K=2e-3)",adaptive BE-PC,True,10,7,0.38166229997295886
case2383wplimit,"S3 Sec 4.4 (dt0=0.1, K=2e-3)",Newton homotopy,True,11,9,0.36793409998063
case2383wplimit,"S3 Sec 4.4 (dt0=0.1, K=2e-3)",scaled K,True,11,9,0.5005474000936374
case2383wplimit,"S4 weak K (dt0=0.005, K=1e-5)",BE (paper),True,10,8,0.41611690004356205
case2383wplimit,"S4 weak K (dt0=0.005, K=1e-5)",BE-chord,True,11,9,0.4504911999683827
case2383wplimit,"S4 weak K (dt0=0.005, K=1e-5)",BE-PC,True,10,6,0.43120869994163513
case2383wplimit,"S4 weak K (dt0=0.005, K=1e-5)",BE + OM,True,9,7,0.40861079993192106
case2383wplimit,"S4 weak K (dt0=0.005, K=1e-5)",BE-PC + OM,True,9,5,0.4392839999636635
case2383wplimit,"S4 weak K (dt0=0.005, K=1e-5)",RK4,False,15,10,0.6646972999442369
case2383wplimit,"S4 weak K (dt0=0.005, K=1e-5)",adaptive BE,True,10,8,0.4240262999664992
case2383wplimit,"S4 weak K (dt0=0.005, K=1e-5)",adaptive BE-PC,True,10,7,0.4237471999367699
case2383wplimit,"S4 weak K (dt0=0.005, K=1e-5)",Newton homotopy,True,11,9,0.4623126999940723
case2383wplimit,"S4 weak K (dt0=0.005, K=1e-5)",scaled K,True,10,8,0.4294936000369489
case2383wplimit,"S5 strong K (dt0=0.005, K=1e-3)",BE (paper),True,11,9,0.44858389999717474
case2383wplimit,"S5 strong K (dt0=0.005, K=1e-3)",BE-chord,True,11,9,0.4611137000611052
case2383wplimit,"S5 strong K (dt0=0.005, K=1e-3)",BE-PC,True,12,8,0.5072225999319926
case2383wplimit,"S5 strong K (dt0=0.005, K=1e-3)",BE + OM,True,9,7,0.40484910004306585
case2383wplimit,"S5 strong K (dt0=0.005, K=1e-3)",BE-PC + OM,True,10,6,0.42761829996015877
case2383wplimit,"S5 strong K (dt0=0.005, K=1e-3)",RK4,False,15,10,0.6565759000368416
case2383wplimit,"S5 strong K (dt0=0.005, K=1e-3)",adaptive BE,False,8,-1,0.3324301999527961
case2383wplimit,"S5 strong K (dt0=0.005, K=1e-3)",adaptive BE-PC,True,50,1,2.1300152000039816
case2383wplimit,"S5 strong K (dt0=0.005, K=1e-3)",Newton homotopy,True,11,9,0.4590691999765113
case2383wplimit,"S5 strong K (dt0=0.005, K=1e-3)",scaled K,True,11,9,0.5123352999798954
case2736splimit,-,NR flat,False,10,10,0.4649627000326291
case2736splimit,-,NR flat + OM,False,10,10,0.2718149999855086
case2736splimit,"S1 paper (dt0=0.005, K=1e-4)",BE (paper),False,12,10,0.49464090005494654
case2736splimit,"S1 paper (dt0=0.005, K=1e-4)",BE-chord,False,12,10,0.7218028000788763
case2736splimit,"S1 paper (dt0=0.005, K=1e-4)",BE-PC,True,13,9,0.3926571999909356
case2736splimit,"S1 paper (dt0=0.005, K=1e-4)",BE + OM,True,11,9,0.4783917999593541
case2736splimit,"S1 paper (dt0=0.005, K=1e-4)",BE-PC + OM,True,9,5,0.42992279992904514
case2736splimit,"S1 paper (dt0=0.005, K=1e-4)",RK4,False,15,10,0.7777243000455201
case2736splimit,"S1 paper (dt0=0.005, K=1e-4)",adaptive BE,False,12,10,0.5328729999018833
case2736splimit,"S1 paper (dt0=0.005, K=1e-4)",adaptive BE-PC,True,13,10,0.5913789999904111
case2736splimit,"S1 paper (dt0=0.005, K=1e-4)",Newton homotopy,False,12,10,0.5556583000579849
case2736splimit,"S1 paper (dt0=0.005, K=1e-4)",scaled K,False,12,10,0.6107424999354407
case2736splimit,"S2 Sec 4.4 (dt0=0.05, K=1e-3)",BE (paper),False,12,10,0.5432540000183508
case2736splimit,"S2 Sec 4.4 (dt0=0.05, K=1e-3)",BE-chord,False,12,10,0.5774372000014409
case2736splimit,"S2 Sec 4.4 (dt0=0.05, K=1e-3)",BE-PC,True,13,9,0.6215970000484958
case2736splimit,"S2 Sec 4.4 (dt0=0.05, K=1e-3)",BE + OM,True,11,9,0.4684774000197649
case2736splimit,"S2 Sec 4.4 (dt0=0.05, K=1e-3)",BE-PC + OM,True,10,6,0.47197610000148416
case2736splimit,"S2 Sec 4.4 (dt0=0.05, K=1e-3)",RK4,False,15,10,0.7978218999924138
case2736splimit,"S2 Sec 4.4 (dt0=0.05, K=1e-3)",adaptive BE,False,12,10,0.5702594999456778
case2736splimit,"S2 Sec 4.4 (dt0=0.05, K=1e-3)",adaptive BE-PC,True,13,10,0.6091327000176534
case2736splimit,"S2 Sec 4.4 (dt0=0.05, K=1e-3)",Newton homotopy,False,12,10,0.5628347999881953
case2736splimit,"S2 Sec 4.4 (dt0=0.05, K=1e-3)",scaled K,False,12,10,0.5631594000151381
case2736splimit,"S3 Sec 4.4 (dt0=0.1, K=2e-3)",BE (paper),False,12,10,0.5965834999224171
case2736splimit,"S3 Sec 4.4 (dt0=0.1, K=2e-3)",BE-chord,False,12,10,0.5812087999656796
case2736splimit,"S3 Sec 4.4 (dt0=0.1, K=2e-3)",BE-PC,True,13,9,0.6368158999830484
case2736splimit,"S3 Sec 4.4 (dt0=0.1, K=2e-3)",BE + OM,True,11,9,0.5587099000113085
case2736splimit,"S3 Sec 4.4 (dt0=0.1, K=2e-3)",BE-PC + OM,True,10,6,0.46719990007113665
case2736splimit,"S3 Sec 4.4 (dt0=0.1, K=2e-3)",RK4,False,15,10,0.7603084000293165
case2736splimit,"S3 Sec 4.4 (dt0=0.1, K=2e-3)",adaptive BE,False,12,10,0.5680023001041263
case2736splimit,"S3 Sec 4.4 (dt0=0.1, K=2e-3)",adaptive BE-PC,True,13,10,0.6777379000559449
case2736splimit,"S3 Sec 4.4 (dt0=0.1, K=2e-3)",Newton homotopy,False,12,10,0.5905688999919221
case2736splimit,"S3 Sec 4.4 (dt0=0.1, K=2e-3)",scaled K,False,12,10,0.6034284000052139
case2736splimit,"S4 weak K (dt0=0.005, K=1e-5)",BE (paper),False,12,10,0.5804760999744758
case2736splimit,"S4 weak K (dt0=0.005, K=1e-5)",BE-chord,False,12,10,0.5625964999198914
case2736splimit,"S4 weak K (dt0=0.005, K=1e-5)",BE-PC,True,13,9,0.5580007000826299
case2736splimit,"S4 weak K (dt0=0.005, K=1e-5)",BE + OM,True,11,9,0.40026709996163845
case2736splimit,"S4 weak K (dt0=0.005, K=1e-5)",BE-PC + OM,True,10,6,0.5484423999441788
case2736splimit,"S4 weak K (dt0=0.005, K=1e-5)",RK4,False,15,10,0.8970472000073642
case2736splimit,"S4 weak K (dt0=0.005, K=1e-5)",adaptive BE,False,12,10,0.5932091999566182
case2736splimit,"S4 weak K (dt0=0.005, K=1e-5)",adaptive BE-PC,True,13,10,0.6317982999607921
case2736splimit,"S4 weak K (dt0=0.005, K=1e-5)",Newton homotopy,False,12,10,0.5698243000078946
case2736splimit,"S4 weak K (dt0=0.005, K=1e-5)",scaled K,False,12,10,0.5994122000411153
case2736splimit,"S5 strong K (dt0=0.005, K=1e-3)",BE (paper),False,12,10,0.5928223000373691
case2736splimit,"S5 strong K (dt0=0.005, K=1e-3)",BE-chord,False,12,10,0.753305200021714
case2736splimit,"S5 strong K (dt0=0.005, K=1e-3)",BE-PC,True,14,10,0.6677899999776855
case2736splimit,"S5 strong K (dt0=0.005, K=1e-3)",BE + OM,True,11,9,0.48553860001266
case2736splimit,"S5 strong K (dt0=0.005, K=1e-3)",BE-PC + OM,True,12,8,0.5950789999915287
case2736splimit,"S5 strong K (dt0=0.005, K=1e-3)",RK4,False,15,10,0.7868112999713048
case2736splimit,"S5 strong K (dt0=0.005, K=1e-3)",adaptive BE,False,12,10,0.5763358999975026
case2736splimit,"S5 strong K (dt0=0.005, K=1e-3)",adaptive BE-PC,True,13,10,0.6503453000914305
case2736splimit,"S5 strong K (dt0=0.005, K=1e-3)",Newton homotopy,False,12,10,0.5489975999807939
case2736splimit,"S5 strong K (dt0=0.005, K=1e-3)",scaled K,False,12,10,0.5992584999185055
case2737soplimit,-,NR flat,False,10,10,0.47567249997518957
case2737soplimit,-,NR flat + OM,True,10,10,0.4714950000634417
case2737soplimit,"S1 paper (dt0=0.005, K=1e-4)",BE (paper),True,12,10,0.5560116999549791
case2737soplimit,"S1 paper (dt0=0.005, K=1e-4)",BE-chord,False,12,10,0.5607963000657037
case2737soplimit,"S1 paper (dt0=0.005, K=1e-4)",BE-PC,True,12,8,0.5795908999862149
case2737soplimit,"S1 paper (dt0=0.005, K=1e-4)",BE + OM,True,10,8,0.3757092000450939
case2737soplimit,"S1 paper (dt0=0.005, K=1e-4)",BE-PC + OM,True,10,6,0.501886900048703
case2737soplimit,"S1 paper (dt0=0.005, K=1e-4)",RK4,False,15,10,0.8128039999864995
case2737soplimit,"S1 paper (dt0=0.005, K=1e-4)",adaptive BE,True,12,10,0.5241944999434054
case2737soplimit,"S1 paper (dt0=0.005, K=1e-4)",adaptive BE-PC,True,12,9,0.6309436000883579
case2737soplimit,"S1 paper (dt0=0.005, K=1e-4)",Newton homotopy,False,12,10,0.5429396000690758
case2737soplimit,"S1 paper (dt0=0.005, K=1e-4)",scaled K,True,12,10,0.5684388000518084
case2737soplimit,"S2 Sec 4.4 (dt0=0.05, K=1e-3)",BE (paper),True,12,10,0.5568992999615148
case2737soplimit,"S2 Sec 4.4 (dt0=0.05, K=1e-3)",BE-chord,False,12,10,0.5713633999694139
case2737soplimit,"S2 Sec 4.4 (dt0=0.05, K=1e-3)",BE-PC,True,12,8,0.5773664999287575
case2737soplimit,"S2 Sec 4.4 (dt0=0.05, K=1e-3)",BE + OM,True,10,8,0.44244600005913526
case2737soplimit,"S2 Sec 4.4 (dt0=0.05, K=1e-3)",BE-PC + OM,True,10,6,0.43661810003686696
case2737soplimit,"S2 Sec 4.4 (dt0=0.05, K=1e-3)",RK4,False,15,10,0.7923217000206932
case2737soplimit,"S2 Sec 4.4 (dt0=0.05, K=1e-3)",adaptive BE,True,12,10,0.573000599979423
case2737soplimit,"S2 Sec 4.4 (dt0=0.05, K=1e-3)",adaptive BE-PC,True,12,9,0.5792513999622315
case2737soplimit,"S2 Sec 4.4 (dt0=0.05, K=1e-3)",Newton homotopy,False,12,10,0.647491000010632
case2737soplimit,"S2 Sec 4.4 (dt0=0.05, K=1e-3)",scaled K,True,12,10,0.5445740999421105
case2737soplimit,"S3 Sec 4.4 (dt0=0.1, K=2e-3)",BE (paper),True,12,10,0.4801834999816492
case2737soplimit,"S3 Sec 4.4 (dt0=0.1, K=2e-3)",BE-chord,False,12,10,0.4626537000294775
case2737soplimit,"S3 Sec 4.4 (dt0=0.1, K=2e-3)",BE-PC,True,12,8,0.5474785000551492
case2737soplimit,"S3 Sec 4.4 (dt0=0.1, K=2e-3)",BE + OM,True,10,8,0.5032084999838844
case2737soplimit,"S3 Sec 4.4 (dt0=0.1, K=2e-3)",BE-PC + OM,True,10,6,0.4876270000822842
case2737soplimit,"S3 Sec 4.4 (dt0=0.1, K=2e-3)",RK4,False,15,10,0.7858857999090105
case2737soplimit,"S3 Sec 4.4 (dt0=0.1, K=2e-3)",adaptive BE,True,12,10,0.6032474000239745
case2737soplimit,"S3 Sec 4.4 (dt0=0.1, K=2e-3)",adaptive BE-PC,True,12,9,0.5979007999412715
case2737soplimit,"S3 Sec 4.4 (dt0=0.1, K=2e-3)",Newton homotopy,False,12,10,0.4690439000260085
case2737soplimit,"S3 Sec 4.4 (dt0=0.1, K=2e-3)",scaled K,True,12,10,0.5088203999912366
case2737soplimit,"S4 weak K (dt0=0.005, K=1e-5)",BE (paper),True,12,10,0.5645816000178456
case2737soplimit,"S4 weak K (dt0=0.005, K=1e-5)",BE-chord,False,12,10,0.6597559000365436
case2737soplimit,"S4 weak K (dt0=0.005, K=1e-5)",BE-PC,True,12,8,0.5653999999631196
case2737soplimit,"S4 weak K (dt0=0.005, K=1e-5)",BE + OM,True,10,8,0.48675199993886054
case2737soplimit,"S4 weak K (dt0=0.005, K=1e-5)",BE-PC + OM,True,10,6,0.5436453999718651
case2737soplimit,"S4 weak K (dt0=0.005, K=1e-5)",RK4,False,15,10,0.7294364999979734
case2737soplimit,"S4 weak K (dt0=0.005, K=1e-5)",adaptive BE,True,12,10,0.5874953001039103
case2737soplimit,"S4 weak K (dt0=0.005, K=1e-5)",adaptive BE-PC,True,12,9,0.5627256999723613
case2737soplimit,"S4 weak K (dt0=0.005, K=1e-5)",Newton homotopy,False,12,10,0.5871332000242546
case2737soplimit,"S4 weak K (dt0=0.005, K=1e-5)",scaled K,True,12,10,0.5923865999793634
case2737soplimit,"S5 strong K (dt0=0.005, K=1e-3)",BE (paper),True,12,10,0.5819865999510512
case2737soplimit,"S5 strong K (dt0=0.005, K=1e-3)",BE-chord,True,12,10,0.6130404000869021
case2737soplimit,"S5 strong K (dt0=0.005, K=1e-3)",BE-PC,True,13,9,0.6049544000998139
case2737soplimit,"S5 strong K (dt0=0.005, K=1e-3)",BE + OM,True,10,8,0.4704678999260068
case2737soplimit,"S5 strong K (dt0=0.005, K=1e-3)",BE-PC + OM,True,11,7,0.49984579998999834
case2737soplimit,"S5 strong K (dt0=0.005, K=1e-3)",RK4,False,15,10,0.7736298999516293
case2737soplimit,"S5 strong K (dt0=0.005, K=1e-3)",adaptive BE,True,12,10,0.524444300099276
case2737soplimit,"S5 strong K (dt0=0.005, K=1e-3)",adaptive BE-PC,True,12,9,0.43335730000399053
case2737soplimit,"S5 strong K (dt0=0.005, K=1e-3)",Newton homotopy,False,12,10,0.5655468999175355
case2737soplimit,"S5 strong K (dt0=0.005, K=1e-3)",scaled K,True,12,10,0.6030982000520453
case2746woplimit,-,NR flat,False,10,10,0.47427739994600415
case2746woplimit,-,NR flat + OM,False,10,10,0.4778358000330627
case2746woplimit,"S1 paper (dt0=0.005, K=1e-4)",BE (paper),True,12,10,0.5978815000271425
case2746woplimit,"S1 paper (dt0=0.005, K=1e-4)",BE-chord,True,12,10,0.5691785999806598
case2746woplimit,"S1 paper (dt0=0.005, K=1e-4)",BE-PC,True,12,8,0.582391900010407
case2746woplimit,"S1 paper (dt0=0.005, K=1e-4)",BE + OM,True,10,8,0.5049814999802038
case2746woplimit,"S1 paper (dt0=0.005, K=1e-4)",BE-PC + OM,True,10,6,0.44486990000586957
case2746woplimit,"S1 paper (dt0=0.005, K=1e-4)",RK4,False,15,10,0.6925928000127897
case2746woplimit,"S1 paper (dt0=0.005, K=1e-4)",adaptive BE,True,12,10,0.5670144000323489
case2746woplimit,"S1 paper (dt0=0.005, K=1e-4)",adaptive BE-PC,True,12,9,0.5739362000022084
case2746woplimit,"S1 paper (dt0=0.005, K=1e-4)",Newton homotopy,False,12,10,0.5722503000870347
case2746woplimit,"S1 paper (dt0=0.005, K=1e-4)",scaled K,True,12,10,0.5814904000144452
case2746woplimit,"S2 Sec 4.4 (dt0=0.05, K=1e-3)",BE (paper),True,12,10,0.5683615999296308
case2746woplimit,"S2 Sec 4.4 (dt0=0.05, K=1e-3)",BE-chord,False,12,10,0.622292899992317
case2746woplimit,"S2 Sec 4.4 (dt0=0.05, K=1e-3)",BE-PC,True,12,8,0.6301905999425799
case2746woplimit,"S2 Sec 4.4 (dt0=0.05, K=1e-3)",BE + OM,True,10,8,0.4498892999254167
case2746woplimit,"S2 Sec 4.4 (dt0=0.05, K=1e-3)",BE-PC + OM,True,10,6,0.4851554000051692
case2746woplimit,"S2 Sec 4.4 (dt0=0.05, K=1e-3)",RK4,False,15,10,0.6345865000039339
case2746woplimit,"S2 Sec 4.4 (dt0=0.05, K=1e-3)",adaptive BE,True,12,10,0.5699258000822738
case2746woplimit,"S2 Sec 4.4 (dt0=0.05, K=1e-3)",adaptive BE-PC,True,12,9,0.45876660000067204
case2746woplimit,"S2 Sec 4.4 (dt0=0.05, K=1e-3)",Newton homotopy,False,12,10,0.49606189993210137
case2746woplimit,"S2 Sec 4.4 (dt0=0.05, K=1e-3)",scaled K,True,12,10,0.49885500001255423
case2746woplimit,"S3 Sec 4.4 (dt0=0.1, K=2e-3)",BE (paper),True,12,10,0.5311758000170812
case2746woplimit,"S3 Sec 4.4 (dt0=0.1, K=2e-3)",BE-chord,False,12,10,0.5109492000192404
case2746woplimit,"S3 Sec 4.4 (dt0=0.1, K=2e-3)",BE-PC,True,12,8,0.49818529991898686
case2746woplimit,"S3 Sec 4.4 (dt0=0.1, K=2e-3)",BE + OM,True,10,8,0.2780242998851463
case2746woplimit,"S3 Sec 4.4 (dt0=0.1, K=2e-3)",BE-PC + OM,True,10,6,0.4333350999513641
case2746woplimit,"S3 Sec 4.4 (dt0=0.1, K=2e-3)",RK4,False,15,10,0.15279219998046756
case2746woplimit,"S3 Sec 4.4 (dt0=0.1, K=2e-3)",adaptive BE,True,12,10,0.11136450001504272
case2746woplimit,"S3 Sec 4.4 (dt0=0.1, K=2e-3)",adaptive BE-PC,True,12,9,0.10861650004517287
case2746woplimit,"S3 Sec 4.4 (dt0=0.1, K=2e-3)",Newton homotopy,False,12,10,0.10380499996244907
case2746woplimit,"S3 Sec 4.4 (dt0=0.1, K=2e-3)",scaled K,True,12,10,0.1056339000351727
case2746woplimit,"S4 weak K (dt0=0.005, K=1e-5)",BE (paper),True,12,10,0.10295529989525676
case2746woplimit,"S4 weak K (dt0=0.005, K=1e-5)",BE-chord,False,12,10,0.11262730008456856
case2746woplimit,"S4 weak K (dt0=0.005, K=1e-5)",BE-PC,True,12,8,0.10327219997998327
case2746woplimit,"S4 weak K (dt0=0.005, K=1e-5)",BE + OM,True,10,8,0.08936670003458858
case2746woplimit,"S4 weak K (dt0=0.005, K=1e-5)",BE-PC + OM,True,10,6,0.08822749997489154
case2746woplimit,"S4 weak K (dt0=0.005, K=1e-5)",RK4,False,15,10,0.1390681000193581
case2746woplimit,"S4 weak K (dt0=0.005, K=1e-5)",adaptive BE,True,12,10,0.12166010006330907
case2746woplimit,"S4 weak K (dt0=0.005, K=1e-5)",adaptive BE-PC,True,12,9,0.11635110003408045
case2746woplimit,"S4 weak K (dt0=0.005, K=1e-5)",Newton homotopy,False,12,10,0.10621050000190735
case2746woplimit,"S4 weak K (dt0=0.005, K=1e-5)",scaled K,True,12,10,0.11277360003441572
case2746woplimit,"S5 strong K (dt0=0.005, K=1e-3)",BE (paper),True,12,10,0.10275680001359433
case2746woplimit,"S5 strong K (dt0=0.005, K=1e-3)",BE-chord,True,12,10,0.1486993000144139
case2746woplimit,"S5 strong K (dt0=0.005, K=1e-3)",BE-PC,True,13,9,0.6341634000418708
case2746woplimit,"S5 strong K (dt0=0.005, K=1e-3)",BE + OM,True,10,8,0.3721490999450907
case2746woplimit,"S5 strong K (dt0=0.005, K=1e-3)",BE-PC + OM,True,11,7,0.4687243999214843
case2746woplimit,"S5 strong K (dt0=0.005, K=1e-3)",RK4,False,15,10,0.7333939999807626
case2746woplimit,"S5 strong K (dt0=0.005, K=1e-3)",adaptive BE,True,12,10,0.6311999999452382
case2746woplimit,"S5 strong K (dt0=0.005, K=1e-3)",adaptive BE-PC,True,12,9,0.6350245999637991
case2746woplimit,"S5 strong K (dt0=0.005, K=1e-3)",Newton homotopy,False,12,10,0.5758154999930412
case2746woplimit,"S5 strong K (dt0=0.005, K=1e-3)",scaled K,True,12,10,0.5626939999638125
case2746wplimit,-,NR flat,False,10,10,0.5015389000764117
case2746wplimit,-,NR flat + OM,False,10,10,0.28258300002198666
case2746wplimit,"S1 paper (dt0=0.005, K=1e-4)",BE (paper),True,12,10,0.5534605000866577
case2746wplimit,"S1 paper (dt0=0.005, K=1e-4)",BE-chord,False,12,10,0.33313729998189956
case2746wplimit,"S1 paper (dt0=0.005, K=1e-4)",BE-PC,True,12,8,0.11283770005684346
case2746wplimit,"S1 paper (dt0=0.005, K=1e-4)",BE + OM,True,10,8,0.0987829000223428
case2746wplimit,"S1 paper (dt0=0.005, K=1e-4)",BE-PC + OM,True,10,6,0.10064209997653961
case2746wplimit,"S1 paper (dt0=0.005, K=1e-4)",RK4,False,15,10,0.16094370000064373
case2746wplimit,"S1 paper (dt0=0.005, K=1e-4)",adaptive BE,True,12,10,0.11378179991152138
case2746wplimit,"S1 paper (dt0=0.005, K=1e-4)",adaptive BE-PC,True,12,9,0.11387929995544255
case2746wplimit,"S1 paper (dt0=0.005, K=1e-4)",Newton homotopy,False,12,10,0.12295049999374896
case2746wplimit,"S1 paper (dt0=0.005, K=1e-4)",scaled K,True,12,10,0.12369330006185919
case2746wplimit,"S2 Sec 4.4 (dt0=0.05, K=1e-3)",BE (paper),True,12,10,0.12410189991351217
case2746wplimit,"S2 Sec 4.4 (dt0=0.05, K=1e-3)",BE-chord,False,12,10,0.1120484999846667
case2746wplimit,"S2 Sec 4.4 (dt0=0.05, K=1e-3)",BE-PC,True,12,8,0.11813870002515614
case2746wplimit,"S2 Sec 4.4 (dt0=0.05, K=1e-3)",BE + OM,True,10,8,0.09362419997341931
case2746wplimit,"S2 Sec 4.4 (dt0=0.05, K=1e-3)",BE-PC + OM,True,10,6,0.09607970004435629
case2746wplimit,"S2 Sec 4.4 (dt0=0.05, K=1e-3)",RK4,False,15,10,0.47562899999320507
case2746wplimit,"S2 Sec 4.4 (dt0=0.05, K=1e-3)",adaptive BE,True,12,10,0.6522372999461368
case2746wplimit,"S2 Sec 4.4 (dt0=0.05, K=1e-3)",adaptive BE-PC,True,12,9,0.8236688000615686
case2746wplimit,"S2 Sec 4.4 (dt0=0.05, K=1e-3)",Newton homotopy,False,12,10,0.5474994999822229
case2746wplimit,"S2 Sec 4.4 (dt0=0.05, K=1e-3)",scaled K,True,12,10,0.6164153000572696
case2746wplimit,"S3 Sec 4.4 (dt0=0.1, K=2e-3)",BE (paper),True,12,10,0.5642476000357419
case2746wplimit,"S3 Sec 4.4 (dt0=0.1, K=2e-3)",BE-chord,False,12,10,0.550502699916251
case2746wplimit,"S3 Sec 4.4 (dt0=0.1, K=2e-3)",BE-PC,True,12,8,0.5426367999752983
case2746wplimit,"S3 Sec 4.4 (dt0=0.1, K=2e-3)",BE + OM,True,10,8,0.5091034999350086
case2746wplimit,"S3 Sec 4.4 (dt0=0.1, K=2e-3)",BE-PC + OM,True,10,6,0.5165785999270156
case2746wplimit,"S3 Sec 4.4 (dt0=0.1, K=2e-3)",RK4,False,15,10,0.7979725999757648
case2746wplimit,"S3 Sec 4.4 (dt0=0.1, K=2e-3)",adaptive BE,True,12,10,0.5790534000843763
case2746wplimit,"S3 Sec 4.4 (dt0=0.1, K=2e-3)",adaptive BE-PC,True,12,9,0.5628185999812558
case2746wplimit,"S3 Sec 4.4 (dt0=0.1, K=2e-3)",Newton homotopy,False,12,10,0.5739655999932438
case2746wplimit,"S3 Sec 4.4 (dt0=0.1, K=2e-3)",scaled K,True,12,10,0.6067624000133947
case2746wplimit,"S4 weak K (dt0=0.005, K=1e-5)",BE (paper),True,12,10,0.5831645000725985
case2746wplimit,"S4 weak K (dt0=0.005, K=1e-5)",BE-chord,False,12,10,0.6076357000274584
case2746wplimit,"S4 weak K (dt0=0.005, K=1e-5)",BE-PC,True,12,8,0.5320681999437511
case2746wplimit,"S4 weak K (dt0=0.005, K=1e-5)",BE + OM,True,10,8,0.4808152000186965
case2746wplimit,"S4 weak K (dt0=0.005, K=1e-5)",BE-PC + OM,True,9,5,0.44442329998128116
case2746wplimit,"S4 weak K (dt0=0.005, K=1e-5)",RK4,False,15,10,0.7803470999933779
case2746wplimit,"S4 weak K (dt0=0.005, K=1e-5)",adaptive BE,True,12,10,0.5374410999938846
case2746wplimit,"S4 weak K (dt0=0.005, K=1e-5)",adaptive BE-PC,True,12,9,0.5601612000027671
case2746wplimit,"S4 weak K (dt0=0.005, K=1e-5)",Newton homotopy,False,12,10,0.5846428000368178
case2746wplimit,"S4 weak K (dt0=0.005, K=1e-5)",scaled K,True,12,10,0.617685699951835
case2746wplimit,"S5 strong K (dt0=0.005, K=1e-3)",BE (paper),True,12,10,0.47279150004033
case2746wplimit,"S5 strong K (dt0=0.005, K=1e-3)",BE-chord,False,12,10,0.613355900044553
case2746wplimit,"S5 strong K (dt0=0.005, K=1e-3)",BE-PC,True,13,9,0.6146953999996185
case2746wplimit,"S5 strong K (dt0=0.005, K=1e-3)",BE + OM,True,10,8,0.4780610000016168
case2746wplimit,"S5 strong K (dt0=0.005, K=1e-3)",BE-PC + OM,True,11,7,0.529501499957405
case2746wplimit,"S5 strong K (dt0=0.005, K=1e-3)",RK4,False,15,10,0.8257791999494657
case2746wplimit,"S5 strong K (dt0=0.005, K=1e-3)",adaptive BE,True,12,10,0.6238608999410644
case2746wplimit,"S5 strong K (dt0=0.005, K=1e-3)",adaptive BE-PC,True,12,9,0.5703401999780908
case2746wplimit,"S5 strong K (dt0=0.005, K=1e-3)",Newton homotopy,False,12,10,0.5530699000228196
case2746wplimit,"S5 strong K (dt0=0.005, K=1e-3)",scaled K,True,12,10,0.5591781000839546
case2869pegaselimit,-,NR flat,True,10,10,0.503624300006777
case2869pegaselimit,-,NR flat + OM,True,9,9,0.4530725000659004
case2869pegaselimit,"S1 paper (dt0=0.005, K=1e-4)",BE (paper),True,10,8,0.5179601999698207
case2869pegaselimit,"S1 paper (dt0=0.005, K=1e-4)",BE-chord,True,11,9,0.478597299894318
case2869pegaselimit,"S1 paper (dt0=0.005, K=1e-4)",BE-PC,True,11,7,0.5644803000614047
case2869pegaselimit,"S1 paper (dt0=0.005, K=1e-4)",BE + OM,True,9,7,0.4553456000285223
case2869pegaselimit,"S1 paper (dt0=0.005, K=1e-4)",BE-PC + OM,True,10,6,0.5585183999501169
case2869pegaselimit,"S1 paper (dt0=0.005, K=1e-4)",RK4,False,15,10,0.8180152999702841
case2869pegaselimit,"S1 paper (dt0=0.005, K=1e-4)",adaptive BE,True,10,8,0.5062811999814585
case2869pegaselimit,"S1 paper (dt0=0.005, K=1e-4)",adaptive BE-PC,True,10,7,0.5323029999854043
case2869pegaselimit,"S1 paper (dt0=0.005, K=1e-4)",Newton homotopy,True,11,9,0.559036499937065
case2869pegaselimit,"S1 paper (dt0=0.005, K=1e-4)",scaled K,True,10,8,0.5514451999915764
case2869pegaselimit,"S2 Sec 4.4 (dt0=0.05, K=1e-3)",BE (paper),True,10,8,0.5129335999954492
case2869pegaselimit,"S2 Sec 4.4 (dt0=0.05, K=1e-3)",BE-chord,True,11,9,0.582609000033699
case2869pegaselimit,"S2 Sec 4.4 (dt0=0.05, K=1e-3)",BE-PC,True,11,7,0.5448258999967948
case2869pegaselimit,"S2 Sec 4.4 (dt0=0.05, K=1e-3)",BE + OM,True,9,7,0.4788566998904571
case2869pegaselimit,"S2 Sec 4.4 (dt0=0.05, K=1e-3)",BE-PC + OM,True,10,6,0.5081333999987692
case2869pegaselimit,"S2 Sec 4.4 (dt0=0.05, K=1e-3)",RK4,False,15,10,0.7934820000082254
case2869pegaselimit,"S2 Sec 4.4 (dt0=0.05, K=1e-3)",adaptive BE,True,10,8,0.5020027999999002
case2869pegaselimit,"S2 Sec 4.4 (dt0=0.05, K=1e-3)",adaptive BE-PC,True,10,7,0.5946769000729546
case2869pegaselimit,"S2 Sec 4.4 (dt0=0.05, K=1e-3)",Newton homotopy,True,11,9,0.5463624000549316
case2869pegaselimit,"S2 Sec 4.4 (dt0=0.05, K=1e-3)",scaled K,True,10,8,0.5410137000726536
case2869pegaselimit,"S3 Sec 4.4 (dt0=0.1, K=2e-3)",BE (paper),True,10,8,0.5214971000095829
case2869pegaselimit,"S3 Sec 4.4 (dt0=0.1, K=2e-3)",BE-chord,True,11,9,0.5787561000324786
case2869pegaselimit,"S3 Sec 4.4 (dt0=0.1, K=2e-3)",BE-PC,True,11,7,0.5954134999774396
case2869pegaselimit,"S3 Sec 4.4 (dt0=0.1, K=2e-3)",BE + OM,True,9,7,0.4492974999593571
case2869pegaselimit,"S3 Sec 4.4 (dt0=0.1, K=2e-3)",BE-PC + OM,True,10,6,0.5432422999292612
case2869pegaselimit,"S3 Sec 4.4 (dt0=0.1, K=2e-3)",RK4,False,15,10,0.8562461999244988
case2869pegaselimit,"S3 Sec 4.4 (dt0=0.1, K=2e-3)",adaptive BE,True,10,8,0.5055319999810308
case2869pegaselimit,"S3 Sec 4.4 (dt0=0.1, K=2e-3)",adaptive BE-PC,True,10,7,0.526076800073497
case2869pegaselimit,"S3 Sec 4.4 (dt0=0.1, K=2e-3)",Newton homotopy,True,11,9,0.5526967999758199
case2869pegaselimit,"S3 Sec 4.4 (dt0=0.1, K=2e-3)",scaled K,True,10,8,0.5274179000407457
case2869pegaselimit,"S4 weak K (dt0=0.005, K=1e-5)",BE (paper),True,10,8,0.42879889998584986
case2869pegaselimit,"S4 weak K (dt0=0.005, K=1e-5)",BE-chord,True,11,9,0.40936629998032004
case2869pegaselimit,"S4 weak K (dt0=0.005, K=1e-5)",BE-PC,True,10,6,0.5022068000398576
case2869pegaselimit,"S4 weak K (dt0=0.005, K=1e-5)",BE + OM,True,9,7,0.5204023999394849
case2869pegaselimit,"S4 weak K (dt0=0.005, K=1e-5)",BE-PC + OM,True,9,5,0.4875985999824479
case2869pegaselimit,"S4 weak K (dt0=0.005, K=1e-5)",RK4,False,15,10,0.7996476999251172
case2869pegaselimit,"S4 weak K (dt0=0.005, K=1e-5)",adaptive BE,True,10,8,0.4897822999628261
case2869pegaselimit,"S4 weak K (dt0=0.005, K=1e-5)",adaptive BE-PC,True,10,7,0.4376123999245465
case2869pegaselimit,"S4 weak K (dt0=0.005, K=1e-5)",Newton homotopy,True,11,9,0.5378451000433415
case2869pegaselimit,"S4 weak K (dt0=0.005, K=1e-5)",scaled K,True,10,8,0.5059847000520676
case2869pegaselimit,"S5 strong K (dt0=0.005, K=1e-3)",BE (paper),True,10,8,0.5300310000311583
case2869pegaselimit,"S5 strong K (dt0=0.005, K=1e-3)",BE-chord,True,11,9,0.6094754999503493
case2869pegaselimit,"S5 strong K (dt0=0.005, K=1e-3)",BE-PC,True,11,7,0.5343519999878481
case2869pegaselimit,"S5 strong K (dt0=0.005, K=1e-3)",BE + OM,True,9,7,0.4637392000295222
case2869pegaselimit,"S5 strong K (dt0=0.005, K=1e-3)",BE-PC + OM,True,10,6,0.5411591000156477
case2869pegaselimit,"S5 strong K (dt0=0.005, K=1e-3)",RK4,False,15,10,0.8040552999591455
case2869pegaselimit,"S5 strong K (dt0=0.005, K=1e-3)",adaptive BE,True,10,8,0.5004609000170603
case2869pegaselimit,"S5 strong K (dt0=0.005, K=1e-3)",adaptive BE-PC,True,10,7,0.5219512999756262
case2869pegaselimit,"S5 strong K (dt0=0.005, K=1e-3)",Newton homotopy,True,11,9,0.5394441999960691
case2869pegaselimit,"S5 strong K (dt0=0.005, K=1e-3)",scaled K,True,10,8,0.5564352000365034
case3012wplimit,-,NR flat,False,10,10,0.3846086000557989
case3012wplimit,-,NR flat + OM,False,10,10,0.5184505999786779
case3012wplimit,"S1 paper (dt0=0.005, K=1e-4)",BE (paper),True,12,10,0.618806799990125
case3012wplimit,"S1 paper (dt0=0.005, K=1e-4)",BE-chord,False,12,10,0.6343988999724388
case3012wplimit,"S1 paper (dt0=0.005, K=1e-4)",BE-PC,True,11,7,0.5617217000108212
case3012wplimit,"S1 paper (dt0=0.005, K=1e-4)",BE + OM,True,11,9,0.5913129999535158
case3012wplimit,"S1 paper (dt0=0.005, K=1e-4)",BE-PC + OM,True,10,6,0.5157781000016257
case3012wplimit,"S1 paper (dt0=0.005, K=1e-4)",RK4,False,15,10,0.6535098999738693
case3012wplimit,"S1 paper (dt0=0.005, K=1e-4)",adaptive BE,True,19,7,0.9756247999612242
case3012wplimit,"S1 paper (dt0=0.005, K=1e-4)",adaptive BE-PC,True,12,9,0.6215709999669343
case3012wplimit,"S1 paper (dt0=0.005, K=1e-4)",Newton homotopy,False,12,10,0.6172675000270829
case3012wplimit,"S1 paper (dt0=0.005, K=1e-4)",scaled K,True,12,10,0.6242289000656456
case3012wplimit,"S2 Sec 4.4 (dt0=0.05, K=1e-3)",BE (paper),True,12,10,0.6137706000590697
case3012wplimit,"S2 Sec 4.4 (dt0=0.05, K=1e-3)",BE-chord,True,12,10,0.7399462999310344
case3012wplimit,"S2 Sec 4.4 (dt0=0.05, K=1e-3)",BE-PC,True,11,7,0.5593872999306768
case3012wplimit,"S2 Sec 4.4 (dt0=0.05, K=1e-3)",BE + OM,True,11,9,0.5409361999481916
case3012wplimit,"S2 Sec 4.4 (dt0=0.05, K=1e-3)",BE-PC + OM,True,10,6,0.5168531000381336
case3012wplimit,"S2 Sec 4.4 (dt0=0.05, K=1e-3)",RK4,False,15,10,0.8056528000161052
case3012wplimit,"S2 Sec 4.4 (dt0=0.05, K=1e-3)",adaptive BE,True,14,8,0.6948124000336975
case3012wplimit,"S2 Sec 4.4 (dt0=0.05, K=1e-3)",adaptive BE-PC,True,12,9,0.6415119000012055
case3012wplimit,"S2 Sec 4.4 (dt0=0.05, K=1e-3)",Newton homotopy,False,12,10,0.6399430999299511
case3012wplimit,"S2 Sec 4.4 (dt0=0.05, K=1e-3)",scaled K,False,12,10,0.6157187999924645
case3012wplimit,"S3 Sec 4.4 (dt0=0.1, K=2e-3)",BE (paper),False,12,10,0.5913345000008121
case3012wplimit,"S3 Sec 4.4 (dt0=0.1, K=2e-3)",BE-chord,True,12,10,0.6187854999443516
case3012wplimit,"S3 Sec 4.4 (dt0=0.1, K=2e-3)",BE-PC,True,11,7,0.5734804000239819
case3012wplimit,"S3 Sec 4.4 (dt0=0.1, K=2e-3)",BE + OM,True,11,9,0.5374085999792442
case3012wplimit,"S3 Sec 4.4 (dt0=0.1, K=2e-3)",BE-PC + OM,True,10,6,0.5044533999171108
case3012wplimit,"S3 Sec 4.4 (dt0=0.1, K=2e-3)",RK4,False,15,10,0.7775965000037104
case3012wplimit,"S3 Sec 4.4 (dt0=0.1, K=2e-3)",adaptive BE,True,13,9,0.6698564999969676
case3012wplimit,"S3 Sec 4.4 (dt0=0.1, K=2e-3)",adaptive BE-PC,False,13,10,0.8249939000234008
case3012wplimit,"S3 Sec 4.4 (dt0=0.1, K=2e-3)",Newton homotopy,False,12,10,0.7047329999040812
case3012wplimit,"S3 Sec 4.4 (dt0=0.1, K=2e-3)",scaled K,False,12,10,0.636771299992688
case3012wplimit,"S4 weak K (dt0=0.005, K=1e-5)",BE (paper),False,12,10,0.6484483000822365
case3012wplimit,"S4 weak K (dt0=0.005, K=1e-5)",BE-chord,False,12,10,0.7548543999437243
case3012wplimit,"S4 weak K (dt0=0.005, K=1e-5)",BE-PC,False,14,10,0.7463142999913543
case3012wplimit,"S4 weak K (dt0=0.005, K=1e-5)",BE + OM,False,12,10,0.5999218000797555
case3012wplimit,"S4 weak K (dt0=0.005, K=1e-5)",BE-PC + OM,False,14,10,0.7795691000064835
case3012wplimit,"S4 weak K (dt0=0.005, K=1e-5)",RK4,False,15,10,0.7797038999851793
case3012wplimit,"S4 weak K (dt0=0.005, K=1e-5)",adaptive BE,False,15,-1,0.8009539999766275
case3012wplimit,"S4 weak K (dt0=0.005, K=1e-5)",adaptive BE-PC,False,15,-1,0.8052036999724805
case3012wplimit,"S4 weak K (dt0=0.005, K=1e-5)",Newton homotopy,False,12,10,0.6078374999342486
case3012wplimit,"S4 weak K (dt0=0.005, K=1e-5)",scaled K,False,12,10,0.6797944999998435
case3012wplimit,"S5 strong K (dt0=0.005, K=1e-3)",BE (paper),True,11,9,0.37084290001075715
case3012wplimit,"S5 strong K (dt0=0.005, K=1e-3)",BE-chord,True,12,10,0.629492099978961
case3012wplimit,"S5 strong K (dt0=0.005, K=1e-3)",BE-PC,True,12,8,0.5895337000256404
case3012wplimit,"S5 strong K (dt0=0.005, K=1e-3)",BE + OM,True,9,7,0.5156121000181884
case3012wplimit,"S5 strong K (dt0=0.005, K=1e-3)",BE-PC + OM,True,9,5,0.5340241999365389
case3012wplimit,"S5 strong K (dt0=0.005, K=1e-3)",RK4,False,15,10,0.811713199946098
case3012wplimit,"S5 strong K (dt0=0.005, K=1e-3)",adaptive BE,True,11,9,0.5373297000769526
case3012wplimit,"S5 strong K (dt0=0.005, K=1e-3)",adaptive BE-PC,True,11,8,0.5513735000276938
case3012wplimit,"S5 strong K (dt0=0.005, K=1e-3)",Newton homotopy,False,12,10,0.5963885000674054
case3012wplimit,"S5 strong K (dt0=0.005, K=1e-3)",scaled K,True,11,9,0.5872149000642821
case3120splimit,-,NR flat,False,10,10,0.5364786999998614
case3120splimit,-,NR flat + OM,True,10,10,0.5451079999329522
case3120splimit,"S1 paper (dt0=0.005, K=1e-4)",BE (paper),True,12,10,0.6071450000163168
case3120splimit,"S1 paper (dt0=0.005, K=1e-4)",BE-chord,False,12,10,0.631191199994646
case3120splimit,"S1 paper (dt0=0.005, K=1e-4)",BE-PC,True,12,8,0.6481792000122368
case3120splimit,"S1 paper (dt0=0.005, K=1e-4)",BE + OM,True,10,8,0.5210426999256015
case3120splimit,"S1 paper (dt0=0.005, K=1e-4)",BE-PC + OM,True,10,6,0.5267467999365181
case3120splimit,"S1 paper (dt0=0.005, K=1e-4)",RK4,False,15,10,0.849232800072059
case3120splimit,"S1 paper (dt0=0.005, K=1e-4)",adaptive BE,True,12,10,0.7594886999577284
case3120splimit,"S1 paper (dt0=0.005, K=1e-4)",adaptive BE-PC,True,12,9,0.5967021000105888
case3120splimit,"S1 paper (dt0=0.005, K=1e-4)",Newton homotopy,False,12,10,0.6048016001004726
case3120splimit,"S1 paper (dt0=0.005, K=1e-4)",scaled K,True,12,10,0.6383756999857724
case3120splimit,"S2 Sec 4.4 (dt0=0.05, K=1e-3)",BE (paper),True,12,10,0.6531823000404984
case3120splimit,"S2 Sec 4.4 (dt0=0.05, K=1e-3)",BE-chord,False,12,10,0.599668400012888
case3120splimit,"S2 Sec 4.4 (dt0=0.05, K=1e-3)",BE-PC,True,12,8,0.6508699000114575
case3120splimit,"S2 Sec 4.4 (dt0=0.05, K=1e-3)",BE + OM,True,10,8,0.34531639993656427
case3120splimit,"S2 Sec 4.4 (dt0=0.05, K=1e-3)",BE-PC + OM,True,10,6,0.5231704000616446
case3120splimit,"S2 Sec 4.4 (dt0=0.05, K=1e-3)",RK4,False,15,10,0.8212468000128865
case3120splimit,"S2 Sec 4.4 (dt0=0.05, K=1e-3)",adaptive BE,True,12,10,0.5839760999660939
case3120splimit,"S2 Sec 4.4 (dt0=0.05, K=1e-3)",adaptive BE-PC,True,12,9,0.6097663999535143
case3120splimit,"S2 Sec 4.4 (dt0=0.05, K=1e-3)",Newton homotopy,False,12,10,0.6305860000429675
case3120splimit,"S2 Sec 4.4 (dt0=0.05, K=1e-3)",scaled K,True,12,10,0.6677618999965489
case3120splimit,"S3 Sec 4.4 (dt0=0.1, K=2e-3)",BE (paper),True,12,10,0.6274337000213563
case3120splimit,"S3 Sec 4.4 (dt0=0.1, K=2e-3)",BE-chord,False,12,10,0.661764599964954
case3120splimit,"S3 Sec 4.4 (dt0=0.1, K=2e-3)",BE-PC,True,12,8,0.6712229999247938
case3120splimit,"S3 Sec 4.4 (dt0=0.1, K=2e-3)",BE + OM,True,10,8,0.5224449000088498
case3120splimit,"S3 Sec 4.4 (dt0=0.1, K=2e-3)",BE-PC + OM,True,10,6,0.5307087999535725
case3120splimit,"S3 Sec 4.4 (dt0=0.1, K=2e-3)",RK4,False,15,10,0.8137107000220567
case3120splimit,"S3 Sec 4.4 (dt0=0.1, K=2e-3)",adaptive BE,True,12,10,0.6910468999994919
case3120splimit,"S3 Sec 4.4 (dt0=0.1, K=2e-3)",adaptive BE-PC,True,12,9,0.6041285999817774
case3120splimit,"S3 Sec 4.4 (dt0=0.1, K=2e-3)",Newton homotopy,False,12,10,0.6072887999471277
case3120splimit,"S3 Sec 4.4 (dt0=0.1, K=2e-3)",scaled K,True,12,10,0.6286832999903709
case3120splimit,"S4 weak K (dt0=0.005, K=1e-5)",BE (paper),True,12,10,0.6121167000383139
case3120splimit,"S4 weak K (dt0=0.005, K=1e-5)",BE-chord,False,12,10,0.6227507999865338
case3120splimit,"S4 weak K (dt0=0.005, K=1e-5)",BE-PC,True,12,8,0.6005027999635786
case3120splimit,"S4 weak K (dt0=0.005, K=1e-5)",BE + OM,True,10,8,0.544928300078027
case3120splimit,"S4 weak K (dt0=0.005, K=1e-5)",BE-PC + OM,True,10,6,0.5155285999644548
case3120splimit,"S4 weak K (dt0=0.005, K=1e-5)",RK4,False,15,10,0.8353694999823347
case3120splimit,"S4 weak K (dt0=0.005, K=1e-5)",adaptive BE,True,12,10,0.6131797999842092
case3120splimit,"S4 weak K (dt0=0.005, K=1e-5)",adaptive BE-PC,True,12,9,0.6400252999737859
case3120splimit,"S4 weak K (dt0=0.005, K=1e-5)",Newton homotopy,False,12,10,0.6314009000780061
case3120splimit,"S4 weak K (dt0=0.005, K=1e-5)",scaled K,True,12,10,0.5871884999796748
case3120splimit,"S5 strong K (dt0=0.005, K=1e-3)",BE (paper),True,12,10,0.7747436000499874
case3120splimit,"S5 strong K (dt0=0.005, K=1e-3)",BE-chord,False,12,10,0.6168007999658585
case3120splimit,"S5 strong K (dt0=0.005, K=1e-3)",BE-PC,True,13,9,0.6897718999534845
case3120splimit,"S5 strong K (dt0=0.005, K=1e-3)",BE + OM,True,10,8,0.5373455000808463
case3120splimit,"S5 strong K (dt0=0.005, K=1e-3)",BE-PC + OM,True,10,6,0.521180700045079
case3120splimit,"S5 strong K (dt0=0.005, K=1e-3)",RK4,False,15,10,0.8473972000647336
case3120splimit,"S5 strong K (dt0=0.005, K=1e-3)",adaptive BE,True,12,10,0.6429588999599218
case3120splimit,"S5 strong K (dt0=0.005, K=1e-3)",adaptive BE-PC,True,12,9,0.6159013999858871
case3120splimit,"S5 strong K (dt0=0.005, K=1e-3)",Newton homotopy,False,12,10,0.5999335999367759
case3120splimit,"S5 strong K (dt0=0.005, K=1e-3)",scaled K,True,12,10,0.6120953999925405
case3375wplimit,-,NR flat,False,10,10,0.5666005000239238
case3375wplimit,-,NR flat + OM,False,10,10,0.49608199996873736
case3375wplimit,"S1 paper (dt0=0.005, K=1e-4)",BE (paper),True,12,10,0.6555764999939129
case3375wplimit,"S1 paper (dt0=0.005, K=1e-4)",BE-chord,True,12,10,0.7168283000355586
case3375wplimit,"S1 paper (dt0=0.005, K=1e-4)",BE-PC,True,11,7,0.6286882000276819
case3375wplimit,"S1 paper (dt0=0.005, K=1e-4)",BE + OM,True,10,8,0.5569570000516251
case3375wplimit,"S1 paper (dt0=0.005, K=1e-4)",BE-PC + OM,True,9,5,0.5200254000956193
case3375wplimit,"S1 paper (dt0=0.005, K=1e-4)",RK4,False,15,10,0.9015726000070572
case3375wplimit,"S1 paper (dt0=0.005, K=1e-4)",adaptive BE,True,12,10,0.6964254999766126
case3375wplimit,"S1 paper (dt0=0.005, K=1e-4)",adaptive BE-PC,True,12,9,0.6833237999817356
case3375wplimit,"S1 paper (dt0=0.005, K=1e-4)",Newton homotopy,False,12,10,0.6198176000034437
case3375wplimit,"S1 paper (dt0=0.005, K=1e-4)",scaled K,True,12,10,0.6692220000550151
case3375wplimit,"S2 Sec 4.4 (dt0=0.05, K=1e-3)",BE (paper),True,12,10,0.6906210999004543
case3375wplimit,"S2 Sec 4.4 (dt0=0.05, K=1e-3)",BE-chord,True,12,10,0.666658699978143
case3375wplimit,"S2 Sec 4.4 (dt0=0.05, K=1e-3)",BE-PC,True,11,7,0.6110458999173716
case3375wplimit,"S2 Sec 4.4 (dt0=0.05, K=1e-3)",BE + OM,True,11,9,0.6242564999265596
case3375wplimit,"S2 Sec 4.4 (dt0=0.05, K=1e-3)",BE-PC + OM,True,10,6,0.595871299970895
case3375wplimit,"S2 Sec 4.4 (dt0=0.05, K=1e-3)",RK4,False,15,10,0.9896065999055281
case3375wplimit,"S2 Sec 4.4 (dt0=0.05, K=1e-3)",adaptive BE,True,12,10,0.6720773000270128
case3375wplimit,"S2 Sec 4.4 (dt0=0.05, K=1e-3)",adaptive BE-PC,True,12,9,0.6728925000643358
case3375wplimit,"S2 Sec 4.4 (dt0=0.05, K=1e-3)",Newton homotopy,False,12,10,0.681438000057824
case3375wplimit,"S2 Sec 4.4 (dt0=0.05, K=1e-3)",scaled K,False,12,10,0.7283954999875277
case3375wplimit,"S3 Sec 4.4 (dt0=0.1, K=2e-3)",BE (paper),True,12,10,0.7008343999041244
case3375wplimit,"S3 Sec 4.4 (dt0=0.1, K=2e-3)",BE-chord,True,12,10,0.6737439999124035
case3375wplimit,"S3 Sec 4.4 (dt0=0.1, K=2e-3)",BE-PC,True,11,7,0.5980829999316484
case3375wplimit,"S3 Sec 4.4 (dt0=0.1, K=2e-3)",BE + OM,True,11,9,0.6099771000444889
case3375wplimit,"S3 Sec 4.4 (dt0=0.1, K=2e-3)",BE-PC + OM,True,10,6,0.5873657999327406
case3375wplimit,"S3 Sec 4.4 (dt0=0.1, K=2e-3)",RK4,False,15,10,0.8730569999897853
case3375wplimit,"S3 Sec 4.4 (dt0=0.1, K=2e-3)",adaptive BE,True,12,10,0.6609856999712065
case3375wplimit,"S3 Sec 4.4 (dt0=0.1, K=2e-3)",adaptive BE-PC,True,12,9,0.7111525000073016
case3375wplimit,"S3 Sec 4.4 (dt0=0.1, K=2e-3)",Newton homotopy,False,12,10,0.7167492000153288
case3375wplimit,"S3 Sec 4.4 (dt0=0.1, K=2e-3)",scaled K,False,12,10,0.7461400999454781
case3375wplimit,"S4 weak K (dt0=0.005, K=1e-5)",BE (paper),False,12,10,0.9165089000016451
case3375wplimit,"S4 weak K (dt0=0.005, K=1e-5)",BE-chord,False,12,10,0.7290718000149354
case3375wplimit,"S4 weak K (dt0=0.005, K=1e-5)",BE-PC,False,14,10,0.8776740999892354
case3375wplimit,"S4 weak K (dt0=0.005, K=1e-5)",BE + OM,False,12,10,0.6807549999793991
case3375wplimit,"S4 weak K (dt0=0.005, K=1e-5)",BE-PC + OM,False,14,10,0.8316802999470383
case3375wplimit,"S4 weak K (dt0=0.005, K=1e-5)",RK4,False,15,10,0.9085415999870747
case3375wplimit,"S4 weak K (dt0=0.005, K=1e-5)",adaptive BE,False,12,10,0.7190274000167847
case3375wplimit,"S4 weak K (dt0=0.005, K=1e-5)",adaptive BE-PC,False,29,-1,1.7083853000076488
case3375wplimit,"S4 weak K (dt0=0.005, K=1e-5)",Newton homotopy,False,12,10,0.6653513999190181
case3375wplimit,"S4 weak K (dt0=0.005, K=1e-5)",scaled K,False,12,10,0.7498901999788359
case3375wplimit,"S5 strong K (dt0=0.005, K=1e-3)",BE (paper),True,11,9,0.6485243999632075
case3375wplimit,"S5 strong K (dt0=0.005, K=1e-3)",BE-chord,True,12,10,0.6693307999521494
case3375wplimit,"S5 strong K (dt0=0.005, K=1e-3)",BE-PC,True,11,7,0.6170782999834046
case3375wplimit,"S5 strong K (dt0=0.005, K=1e-3)",BE + OM,True,9,7,0.6148329999996349
case3375wplimit,"S5 strong K (dt0=0.005, K=1e-3)",BE-PC + OM,True,10,6,0.5616507999366149
case3375wplimit,"S5 strong K (dt0=0.005, K=1e-3)",RK4,False,15,10,0.9042513000313193
case3375wplimit,"S5 strong K (dt0=0.005, K=1e-3)",adaptive BE,True,11,9,0.6120688000228256
case3375wplimit,"S5 strong K (dt0=0.005, K=1e-3)",adaptive BE-PC,True,11,8,0.614929800038226
case3375wplimit,"S5 strong K (dt0=0.005, K=1e-3)",Newton homotopy,False,12,10,0.6647660000016913
case3375wplimit,"S5 strong K (dt0=0.005, K=1e-3)",scaled K,True,11,9,0.6317425000015646
case9241pegaselimit,-,NR flat,False,10,10,1.657543299952522
case9241pegaselimit,-,NR flat + OM,True,10,10,1.6262347999727353
case9241pegaselimit,"S1 paper (dt0=0.005, K=1e-4)",BE (paper),True,11,9,1.8281693999888375
case9241pegaselimit,"S1 paper (dt0=0.005, K=1e-4)",BE-chord,True,11,9,1.8007051000604406
case9241pegaselimit,"S1 paper (dt0=0.005, K=1e-4)",BE-PC,True,11,7,1.992941900040023
case9241pegaselimit,"S1 paper (dt0=0.005, K=1e-4)",BE + OM,True,9,7,1.5458026999840513
case9241pegaselimit,"S1 paper (dt0=0.005, K=1e-4)",BE-PC + OM,True,10,6,1.64456320006866
case9241pegaselimit,"S1 paper (dt0=0.005, K=1e-4)",RK4,False,15,10,2.802731200004928
case9241pegaselimit,"S1 paper (dt0=0.005, K=1e-4)",adaptive BE,True,11,9,1.763833700097166
case9241pegaselimit,"S1 paper (dt0=0.005, K=1e-4)",adaptive BE-PC,True,11,8,1.7464066999964416
case9241pegaselimit,"S1 paper (dt0=0.005, K=1e-4)",Newton homotopy,True,12,10,1.9409702999982983
case9241pegaselimit,"S1 paper (dt0=0.005, K=1e-4)",scaled K,True,11,9,1.6980667000170797
case9241pegaselimit,"S2 Sec 4.4 (dt0=0.05, K=1e-3)",BE (paper),True,11,9,1.7670954000204802
case9241pegaselimit,"S2 Sec 4.4 (dt0=0.05, K=1e-3)",BE-chord,False,12,10,2.009639500058256
case9241pegaselimit,"S2 Sec 4.4 (dt0=0.05, K=1e-3)",BE-PC,True,11,7,1.7560325999511406
case9241pegaselimit,"S2 Sec 4.4 (dt0=0.05, K=1e-3)",BE + OM,True,9,7,1.5029686000198126
case9241pegaselimit,"S2 Sec 4.4 (dt0=0.05, K=1e-3)",BE-PC + OM,True,10,6,1.7237390000373125
case9241pegaselimit,"S2 Sec 4.4 (dt0=0.05, K=1e-3)",RK4,False,15,10,2.5053013999713585
case9241pegaselimit,"S2 Sec 4.4 (dt0=0.05, K=1e-3)",adaptive BE,True,11,9,1.609998399973847
case9241pegaselimit,"S2 Sec 4.4 (dt0=0.05, K=1e-3)",adaptive BE-PC,True,11,8,1.713694499921985
case9241pegaselimit,"S2 Sec 4.4 (dt0=0.05, K=1e-3)",Newton homotopy,True,12,10,1.9437157000647858
case9241pegaselimit,"S2 Sec 4.4 (dt0=0.05, K=1e-3)",scaled K,True,11,9,1.7835143000120297
case9241pegaselimit,"S3 Sec 4.4 (dt0=0.1, K=2e-3)",BE (paper),True,11,9,1.7460270000156015
case9241pegaselimit,"S3 Sec 4.4 (dt0=0.1, K=2e-3)",BE-chord,False,12,10,1.9111914999084547
case9241pegaselimit,"S3 Sec 4.4 (dt0=0.1, K=2e-3)",BE-PC,True,11,7,1.8214877999853343
case9241pegaselimit,"S3 Sec 4.4 (dt0=0.1, K=2e-3)",BE + OM,True,9,7,1.4966492999810725
case9241pegaselimit,"S3 Sec 4.4 (dt0=0.1, K=2e-3)",BE-PC + OM,True,10,6,1.6291168000316247
case9241pegaselimit,"S3 Sec 4.4 (dt0=0.1, K=2e-3)",RK4,False,15,10,2.514213200076483
case9241pegaselimit,"S3 Sec 4.4 (dt0=0.1, K=2e-3)",adaptive BE,True,11,9,1.7317862999625504
case9241pegaselimit,"S3 Sec 4.4 (dt0=0.1, K=2e-3)",adaptive BE-PC,True,11,8,1.7631688000401482
case9241pegaselimit,"S3 Sec 4.4 (dt0=0.1, K=2e-3)",Newton homotopy,True,12,10,1.938221100019291
case9241pegaselimit,"S3 Sec 4.4 (dt0=0.1, K=2e-3)",scaled K,True,11,9,1.7896961000515148
case9241pegaselimit,"S4 weak K (dt0=0.005, K=1e-5)",BE (paper),True,11,9,1.7708855000091717
case9241pegaselimit,"S4 weak K (dt0=0.005, K=1e-5)",BE-chord,False,12,10,1.9133960999315605
case9241pegaselimit,"S4 weak K (dt0=0.005, K=1e-5)",BE-PC,True,11,7,1.8095689000329003
case9241pegaselimit,"S4 weak K (dt0=0.005, K=1e-5)",BE + OM,True,9,7,1.4664170000469312
case9241pegaselimit,"S4 weak K (dt0=0.005, K=1e-5)",BE-PC + OM,True,9,5,1.48119029996451
case9241pegaselimit,"S4 weak K (dt0=0.005, K=1e-5)",RK4,False,15,10,2.779895400046371
case9241pegaselimit,"S4 weak K (dt0=0.005, K=1e-5)",adaptive BE,True,11,9,1.7152635999955237
case9241pegaselimit,"S4 weak K (dt0=0.005, K=1e-5)",adaptive BE-PC,True,11,8,1.7776038000592962
case9241pegaselimit,"S4 weak K (dt0=0.005, K=1e-5)",Newton homotopy,True,12,10,1.9158017999725416
case9241pegaselimit,"S4 weak K (dt0=0.005, K=1e-5)",scaled K,True,11,9,1.841081599937752
case9241pegaselimit,"S5 strong K (dt0=0.005, K=1e-3)",BE (paper),True,11,9,1.7589657999342307
case9241pegaselimit,"S5 strong K (dt0=0.005, K=1e-3)",BE-chord,False,12,10,2.0252713999943808
case9241pegaselimit,"S5 strong K (dt0=0.005, K=1e-3)",BE-PC,True,12,8,1.952792099909857
case9241pegaselimit,"S5 strong K (dt0=0.005, K=1e-3)",BE + OM,True,9,7,1.4526732999365777
case9241pegaselimit,"S5 strong K (dt0=0.005, K=1e-3)",BE-PC + OM,True,10,6,1.6652326000621542
case9241pegaselimit,"S5 strong K (dt0=0.005, K=1e-3)",RK4,False,15,10,2.6660608000820503
case9241pegaselimit,"S5 strong K (dt0=0.005, K=1e-3)",adaptive BE,True,11,9,1.8226731000468135
case9241pegaselimit,"S5 strong K (dt0=0.005, K=1e-3)",adaptive BE-PC,True,11,8,1.725232099997811
case9241pegaselimit,"S5 strong K (dt0=0.005, K=1e-3)",Newton homotopy,True,12,10,1.9454446999588981
case9241pegaselimit,"S5 strong K (dt0=0.005, K=1e-3)",scaled K,True,11,9,1.773327900096774
case13659pegaselimit,-,NR flat,True,8,8,1.6072757999645546
case13659pegaselimit,-,NR flat + OM,True,9,9,1.9750315999845043
case13659pegaselimit,"S1 paper (dt0=0.005, K=1e-4)",BE (paper),True,8,6,1.6704261000268161
case13659pegaselimit,"S1 paper (dt0=0.005, K=1e-4)",BE-chord,True,10,8,2.09837229992263
case13659pegaselimit,"S1 paper (dt0=0.005, K=1e-4)",BE-PC,True,9,5,1.8458455000072718
case13659pegaselimit,"S1 paper (dt0=0.005, K=1e-4)",BE + OM,True,8,6,1.7156613999977708
case13659pegaselimit,"S1 paper (dt0=0.005, K=1e-4)",BE-PC + OM,True,8,4,1.6350074999500066
case13659pegaselimit,"S1 paper (dt0=0.005, K=1e-4)",RK4,False,15,10,3.5291748999152333
case13659pegaselimit,"S1 paper (dt0=0.005, K=1e-4)",adaptive BE,True,8,6,1.6335871999617666
case13659pegaselimit,"S1 paper (dt0=0.005, K=1e-4)",adaptive BE-PC,True,8,5,1.7521320999367163
case13659pegaselimit,"S1 paper (dt0=0.005, K=1e-4)",Newton homotopy,True,9,7,1.88789460004773
case13659pegaselimit,"S1 paper (dt0=0.005, K=1e-4)",scaled K,True,8,6,1.7008643000153825
case13659pegaselimit,"S2 Sec 4.4 (dt0=0.05, K=1e-3)",BE (paper),True,8,6,1.6710899999598041
case13659pegaselimit,"S2 Sec 4.4 (dt0=0.05, K=1e-3)",BE-chord,True,9,7,1.8953465999802575
case13659pegaselimit,"S2 Sec 4.4 (dt0=0.05, K=1e-3)",BE-PC,True,9,5,1.9350939999567345
case13659pegaselimit,"S2 Sec 4.4 (dt0=0.05, K=1e-3)",BE + OM,True,8,6,1.6824472999433056
case13659pegaselimit,"S2 Sec 4.4 (dt0=0.05, K=1e-3)",BE-PC + OM,True,8,4,1.7337612999835983
case13659pegaselimit,"S2 Sec 4.4 (dt0=0.05, K=1e-3)",RK4,False,15,10,3.4712519999593496
case13659pegaselimit,"S2 Sec 4.4 (dt0=0.05, K=1e-3)",adaptive BE,True,8,6,1.5179831999121234
case13659pegaselimit,"S2 Sec 4.4 (dt0=0.05, K=1e-3)",adaptive BE-PC,True,8,5,1.3257689999882132
case13659pegaselimit,"S2 Sec 4.4 (dt0=0.05, K=1e-3)",Newton homotopy,True,9,7,1.8640457999426872
case13659pegaselimit,"S2 Sec 4.4 (dt0=0.05, K=1e-3)",scaled K,True,8,6,1.7836624000919983
case13659pegaselimit,"S3 Sec 4.4 (dt0=0.1, K=2e-3)",BE (paper),True,7,5,1.4789412000682205
case13659pegaselimit,"S3 Sec 4.4 (dt0=0.1, K=2e-3)",BE-chord,True,9,7,2.077515099896118
case13659pegaselimit,"S3 Sec 4.4 (dt0=0.1, K=2e-3)",BE-PC,True,9,5,1.8519395999610424
case13659pegaselimit,"S3 Sec 4.4 (dt0=0.1, K=2e-3)",BE + OM,True,8,6,1.688074600067921
case13659pegaselimit,"S3 Sec 4.4 (dt0=0.1, K=2e-3)",BE-PC + OM,True,8,4,1.7258530999533832
case13659pegaselimit,"S3 Sec 4.4 (dt0=0.1, K=2e-3)",RK4,False,15,10,3.384635700029321
case13659pegaselimit,"S3 Sec 4.4 (dt0=0.1, K=2e-3)",adaptive BE,True,7,5,1.4613539000274613
case13659pegaselimit,"S3 Sec 4.4 (dt0=0.1, K=2e-3)",adaptive BE-PC,True,7,4,1.5065743000013754
case13659pegaselimit,"S3 Sec 4.4 (dt0=0.1, K=2e-3)",Newton homotopy,True,11,9,2.6075894000241533
case13659pegaselimit,"S3 Sec 4.4 (dt0=0.1, K=2e-3)",scaled K,True,7,5,1.5766071999678388
case13659pegaselimit,"S4 weak K (dt0=0.005, K=1e-5)",BE (paper),True,8,6,1.6958613999886438
case13659pegaselimit,"S4 weak K (dt0=0.005, K=1e-5)",BE-chord,True,9,7,1.7871753999497741
case13659pegaselimit,"S4 weak K (dt0=0.005, K=1e-5)",BE-PC,True,9,5,1.9418148999102414
case13659pegaselimit,"S4 weak K (dt0=0.005, K=1e-5)",BE + OM,True,7,5,1.442609200021252
case13659pegaselimit,"S4 weak K (dt0=0.005, K=1e-5)",BE-PC + OM,True,9,5,1.8906959000742063
case13659pegaselimit,"S4 weak K (dt0=0.005, K=1e-5)",RK4,False,15,10,3.5894498000852764
case13659pegaselimit,"S4 weak K (dt0=0.005, K=1e-5)",adaptive BE,True,8,6,1.7037323999684304
case13659pegaselimit,"S4 weak K (dt0=0.005, K=1e-5)",adaptive BE-PC,True,8,5,1.6175614999374375
case13659pegaselimit,"S4 weak K (dt0=0.005, K=1e-5)",Newton homotopy,True,9,7,1.845320999971591
case13659pegaselimit,"S4 weak K (dt0=0.005, K=1e-5)",scaled K,True,8,6,1.822634999989532
case13659pegaselimit,"S5 strong K (dt0=0.005, K=1e-3)",BE (paper),True,8,6,1.628411400015466
case13659pegaselimit,"S5 strong K (dt0=0.005, K=1e-3)",BE-chord,True,9,7,1.8962454999564216
case13659pegaselimit,"S5 strong K (dt0=0.005, K=1e-3)",BE-PC,True,9,5,1.8449539999710396
case13659pegaselimit,"S5 strong K (dt0=0.005, K=1e-3)",BE + OM,True,9,7,1.9620425999164581
case13659pegaselimit,"S5 strong K (dt0=0.005, K=1e-3)",BE-PC + OM,True,9,5,1.8460219000698999
case13659pegaselimit,"S5 strong K (dt0=0.005, K=1e-3)",RK4,False,15,10,3.5705118000041693
case13659pegaselimit,"S5 strong K (dt0=0.005, K=1e-3)",adaptive BE,True,8,6,1.6025934000499547
case13659pegaselimit,"S5 strong K (dt0=0.005, K=1e-3)",adaptive BE-PC,True,8,5,1.6652944999514148
case13659pegaselimit,"S5 strong K (dt0=0.005, K=1e-3)",Newton homotopy,True,9,7,2.0182287000352517
case13659pegaselimit,"S5 strong K (dt0=0.005, K=1e-3)",scaled K,True,8,6,1.6881073000840843
